,GF,Gender,Gt,Operative,Patient,Pt,SIt,t,t0,ut
0,0.5488518518518518,male,35.0,True,1f81b9d1-e516-4ae5-8df5-301c035dc9a8,0.0,-0.00011062304850874865,127,0.0,90.52493438320212
1,0.5488518518518518,male,35.0,True,1f81b9d1-e516-4ae5-8df5-301c035dc9a8,0.0,-8.094698714284843e-05,237,0.0,137.87878787878788
2,0.5488518518518518,male,34.0,True,1f81b9d1-e516-4ae5-8df5-301c035dc9a8,0.0,-7.059599256369548e-05,319,0.0,155.48780487804876
3,0.5488518518518518,male,34.0,True,1f81b9d1-e516-4ae5-8df5-301c035dc9a8,0.0,-0.00011353270564098484,525941,0.0,0.09680594292730009
