,GF,Gender,Gt,Operative,Patient,Pt,SIt,t,t0,ut
0,0.5714074074074074,male,6.7,True,b86760cc-6fac-4f8a-86a9-778372009828,0.17288196969038339,0.00034564927098799274,165,0.0,27.77777777777778
1,0.5714074074074074,male,6.4,True,b86760cc-6fac-4f8a-86a9-778372009828,0.44556248669571163,0.0004119639962289086,358,0.0,31.088082901554404
2,0.5714074074074074,male,6.2,True,b86760cc-6fac-4f8a-86a9-778372009828,0.5364936764005327,0.0004443302501636655,531,0.0,34.68208092485549
3,0.5714074074074074,male,6.3,True,b86760cc-6fac-4f8a-86a9-778372009828,0.5610851168457434,0.00042861797539835367,711,0.0,33.333333333333336
4,0.5714074074074074,male,6.5,True,b86760cc-6fac-4f8a-86a9-778372009828,0.5685852453772389,0.0004294502094752069,909,0.0,30.303030303030305
5,0.5714074074074074,male,6.1,True,b86760cc-6fac-4f8a-86a9-778372009828,0.5706260654754367,0.0004705209985384304,1075,0.0,36.144578313253014
6,0.5714074074074074,male,6.5,True,b86760cc-6fac-4f8a-86a9-778372009828,0.5689254724971952,0.0004738730799544326,1270,0.0,23.076923076923077
