,GF,Gender,Gt,Operative,Patient,Pt,SIt,t,t0,ut
0,0.5037407407407407,female,9.6,True,31ee40f7-886d-4ebf-af7d-39e5c2e288e2,0.10930428239659672,8.300602700073178e-05,114,0.0,103.44827586206897
1,0.5037407407407407,female,8.8,True,31ee40f7-886d-4ebf-af7d-39e5c2e288e2,0.14970010256494268,8.543108511895803e-05,174,0.0,100.0
2,0.5037407407407407,female,8.4,True,31ee40f7-886d-4ebf-af7d-39e5c2e288e2,0.15543861103791948,8.662995738686139e-05,223,0.0,122.44897959183673
3,0.5037407407407407,female,7.3,True,31ee40f7-886d-4ebf-af7d-39e5c2e288e2,0.1545868488126745,0.00012797823007712855,286,0.0,95.23809523809524
4,0.5037407407407407,female,9.7,True,31ee40f7-886d-4ebf-af7d-39e5c2e288e2,0.20635970125991718,4.383146186612611e-05,487,0.0,37.3134328358209
