,GF,Gender,Gt,Operative,Patient,Pt,SIt,t,t0,ut
0,0.07518518518518519,female,14.3,True,01c2b0da-5ea5-48dc-97d7-ee7ecb9a3c52,0.7406987068046932,4.761103311498631e-05,94,0.0,53.191489361702125
1,0.07518518518518519,female,15.3,True,01c2b0da-5ea5-48dc-97d7-ee7ecb9a3c52,0.7653162225636926,2.9723438342046454e-05,161,0.0,89.55223880597015
2,0.07518518518518519,female,13.0,True,01c2b0da-5ea5-48dc-97d7-ee7ecb9a3c52,0.7783610726240303,0.00011532778096180221,212,0.0,117.6470588235294
3,0.07518518518518519,female,15.4,True,01c2b0da-5ea5-48dc-97d7-ee7ecb9a3c52,0.7898859172363676,2.5337740073466365e-05,338,0.0,47.61904761904762
4,0.07518518518518519,female,13.3,True,01c2b0da-5ea5-48dc-97d7-ee7ecb9a3c52,0.7970120862750262,0.000109409529434477,401,0.0,95.23809523809524
5,0.07518518518518519,female,12.4,True,01c2b0da-5ea5-48dc-97d7-ee7ecb9a3c52,0.799273395228662,0.00011580016898889054,443,0.0,159.52380952380958
6,0.07518518518518519,female,11.5,True,01c2b0da-5ea5-48dc-97d7-ee7ecb9a3c52,0.8008632932652379,0.00011329529243790815,511,0.0,104.90196078431377
7,0.07518518518518519,female,9.4,True,01c2b0da-5ea5-48dc-97d7-ee7ecb9a3c52,0.8020515777601284,0.00018639664163212416,562,0.0,134.31372549019613
8,0.07518518518518519,female,8.4,True,01c2b0da-5ea5-48dc-97d7-ee7ecb9a3c52,0.8028798918328561,0.00019614288511805278,642,0.0,91.66666666666671
