,GF,Gender,Gt,Operative,Patient,Pt,SIt,t,t0,ut
0,0.4511111111111112,female,8.4,True,df8b9371-2fc5-4646-b163-3aae4cd414d6,0.0,3.7834358558360185e-05,67,0.0,29.850746268656717
1,0.4511111111111112,female,6.4,True,df8b9371-2fc5-4646-b163-3aae4cd414d6,0.0,0.0002002252848321266,168,0.0,69.3069306930693
2,0.4511111111111112,female,7.4,True,df8b9371-2fc5-4646-b163-3aae4cd414d6,0.0,6.885033468548684e-05,280,0.0,17.857142857142858
3,0.4511111111111112,female,7.4,True,df8b9371-2fc5-4646-b163-3aae4cd414d6,0.0,8.744400634430153e-05,402,0.0,49.18032786885246
4,0.4511111111111112,female,6.7,True,df8b9371-2fc5-4646-b163-3aae4cd414d6,0.0,0.0001223327456889755,526,0.0,56.45161290322581
5,0.4511111111111112,female,6.6,True,df8b9371-2fc5-4646-b163-3aae4cd414d6,0.0,0.00012131769351308369,641,0.0,43.47826086956522
6,0.4511111111111112,female,6.9,True,df8b9371-2fc5-4646-b163-3aae4cd414d6,0.0,0.00010271039363971765,771,0.0,38.46153846153846
