,GF,Gender,Gt,Operative,Patient,Pt,SIt,t,t0,ut
0,0.6027777777777779,female,8.8,True,80efee57-1e60-4ef6-a806-b21fd7a337a7,0.2508376065868528,0.0001236380012487523,166,0.0,45.87155963302752
1,0.6027777777777779,female,7.6,True,80efee57-1e60-4ef6-a806-b21fd7a337a7,0.40849581172163635,0.00020987700462986878,228,0.0,96.7741935483871
2,0.6027777777777779,female,7.0,True,80efee57-1e60-4ef6-a806-b21fd7a337a7,0.48769274095743265,0.0002329326726806462,320,0.0,86.95652173913044
3,0.6027777777777779,female,6.1,True,80efee57-1e60-4ef6-a806-b21fd7a337a7,0.5371735055000881,0.0002799506688411462,388,0.0,88.23529411764706
4,0.6027777777777779,female,6.8,True,80efee57-1e60-4ef6-a806-b21fd7a337a7,0.5681192406449466,0.00023011296789898422,510,0.0,65.57377049180327
5,0.6027777777777779,female,6.2,True,80efee57-1e60-4ef6-a806-b21fd7a337a7,0.5879878309144039,0.00027007110885055626,634,0.0,96.7741935483871
6,0.6027777777777779,female,6.5,True,80efee57-1e60-4ef6-a806-b21fd7a337a7,0.5975037858101723,0.0002767470903268219,818,0.0,57.06521739130435
