,GF,Gender,Gt,Operative,Patient,Pt,SIt,t,t0,ut
0,0.43607407407407406,female,8.8,True,a8381c88-d7ff-4899-879e-24b9fa64f910,0.0,5.896323348142872e-05,171,0.0,23.62204724409449
1,0.43607407407407406,female,8.3,True,a8381c88-d7ff-4899-879e-24b9fa64f910,0.0,6.443421159063562e-05,303,0.0,45.45454545454545
2,0.43607407407407406,female,7.0,True,a8381c88-d7ff-4899-879e-24b9fa64f910,0.0,0.0001488592786369614,373,0.0,85.71428571428571
3,0.43607407407407406,female,7.7,True,a8381c88-d7ff-4899-879e-24b9fa64f910,0.0,5.947949596937088e-05,492,0.0,16.80672268907563
