,GF,Gender,Gt,Operative,Patient,Pt,SIt,t,t0,ut
0,1.0705555555555555,male,11.1,True,6ac44530-21e6-4497-83af-c3d8acbb6a58,0.1295882181599137,6.24216927198404e-05,74,0.0,67.56756756756756
1,1.0705555555555555,male,10.5,True,6ac44530-21e6-4497-83af-c3d8acbb6a58,0.4347950380415372,9.858902411861908e-05,133,0.0,101.69491525423729
2,1.0705555555555555,male,11.5,True,6ac44530-21e6-4497-83af-c3d8acbb6a58,0.5620455451836187,5.084329996031741e-05,194,0.0,98.36065573770492
3,1.0705555555555555,male,14.0,True,6ac44530-21e6-4497-83af-c3d8acbb6a58,0.5512270507696461,-1.7754683518648622e-05,257,0.0,95.23809523809524
