,GF,Gender,Gt,Operative,Patient,Pt,SIt,t,t0,ut
0,0.525,female,10.4,True,a62b3aa0-84ac-4af8-80e0-450ad8fa6a08,0.07372759880863079,0.00010588181519011085,88,0.0,56.81818181818182
1,0.525,female,8.3,True,a62b3aa0-84ac-4af8-80e0-450ad8fa6a08,0.23764401958893883,0.000160312891248135,151,0.0,95.23809523809524
2,0.525,female,5.6,True,a62b3aa0-84ac-4af8-80e0-450ad8fa6a08,0.3900503997537489,0.0003168079083965019,323,0.0,69.76744186046511
3,0.525,female,7.7,True,a62b3aa0-84ac-4af8-80e0-450ad8fa6a08,0.4863041317674722,0.00021098551838309772,516,0.0,31.088082901554404
