,GF,Gender,Gt,Operative,Patient,Pt,SIt,t,t0,ut
0,0.3383333333333333,female,9.6,True,3d1727b6-1e14-4a32-a4ff-c9068885f2b3,0.0,5.2886702553323794e-05,70,0.0,57.142857142857146
1,0.3383333333333333,female,8.5,True,3d1727b6-1e14-4a32-a4ff-c9068885f2b3,0.0,7.100864223713504e-05,180,0.0,63.63636363636363
2,0.3383333333333333,female,8.2,True,3d1727b6-1e14-4a32-a4ff-c9068885f2b3,0.0,6.147423616519474e-05,301,0.0,41.32231404958678
3,0.3383333333333333,female,7.9,True,3d1727b6-1e14-4a32-a4ff-c9068885f2b3,0.0,7.323174213626595e-05,422,0.0,41.32231404958678
4,0.3383333333333333,female,7.5,True,3d1727b6-1e14-4a32-a4ff-c9068885f2b3,0.0,8.685436734230561e-05,541,0.0,50.42016806722689
5,0.3383333333333333,female,7.8,True,3d1727b6-1e14-4a32-a4ff-c9068885f2b3,0.0,5.9807546750528985e-05,663,0.0,49.18032786885246
6,0.3383333333333333,female,7.3,True,3d1727b6-1e14-4a32-a4ff-c9068885f2b3,0.0,0.0001002789855094114,789,0.0,39.682539682539684
