,GF,Gender,Gt,Operative,Patient,Pt,SIt,t,t0,ut
0,0.6090000000000001,female,21.4,True,2aa1b03b-4c95-4993-b15d-36ac3e060859,0.17741980724571746,-5.105391898799903e-05,114,0.0,105.26315789473684
1,0.6090000000000001,female,20.4,True,2aa1b03b-4c95-4993-b15d-36ac3e060859,0.24995342532561998,-2.5111312534958248e-05,176,0.0,96.7741935483871
