,GF,Gender,Gt,Operative,Patient,Pt,SIt,t,t0,ut
0,0.563888888888889,male,11.3,True,8332010e-2e50-46ee-bdb3-a391447fdaed,0.0,5.452977862787209e-05,95,0.0,63.1578947368421
1,0.563888888888889,male,13.8,True,8332010e-2e50-46ee-bdb3-a391447fdaed,0.0,-6.96332368134314e-05,218,0.0,48.78048780487805
2,0.563888888888889,male,12.2,True,8332010e-2e50-46ee-bdb3-a391447fdaed,0.0,1.6782545379215482e-05,268,0.0,120.0
3,0.563888888888889,male,11.4,True,8332010e-2e50-46ee-bdb3-a391447fdaed,0.0,8.571199840710443e-06,347,0.0,75.9493670886076
4,0.563888888888889,male,9.5,True,8332010e-2e50-46ee-bdb3-a391447fdaed,0.0,7.031625424906666e-05,395,0.0,125.0
5,0.563888888888889,male,9.5,True,8332010e-2e50-46ee-bdb3-a391447fdaed,0.0,2.3978864084778487e-05,450,0.0,125.75757575757584
6,0.563888888888889,male,6.3,True,8332010e-2e50-46ee-bdb3-a391447fdaed,0.0,0.0001812405183126109,509,0.0,118.36158192090402
7,0.563888888888889,male,7.5,True,8332010e-2e50-46ee-bdb3-a391447fdaed,0.0,2.992353868967152e-05,599,0.0,0.0
8,0.563888888888889,male,6.7,True,8332010e-2e50-46ee-bdb3-a391447fdaed,0.0,0.00011435049883179777,645,0.0,60.14492753623186
