,GF,Gender,Gt,Operative,Patient,Pt,SIt,t,t0,ut
0,0.6319444444444444,male,9.2,True,12b4b0f6-c4d0-4159-8fde-76e9aa6292b6,0.3398191307518935,0.0001392374509003539,256,0.0,44.11764705882353
1,0.6319444444444444,male,5.9,True,12b4b0f6-c4d0-4159-8fde-76e9aa6292b6,0.5436209304146423,0.00034775378326649866,387,0.0,76.33587786259542
2,0.6319444444444444,male,6.2,True,12b4b0f6-c4d0-4159-8fde-76e9aa6292b6,0.6004509550100083,0.00035763778034595897,561,0.0,43.10344827586207
3,0.6319444444444444,male,5.3,True,12b4b0f6-c4d0-4159-8fde-76e9aa6292b6,0.6230446343066164,0.0004920135386549422,756,0.0,46.15384615384615
4,0.6319444444444444,male,6.3,True,12b4b0f6-c4d0-4159-8fde-76e9aa6292b6,0.6296596271327737,0.0005233613925656746,954,0.0,22.727272727272727
5,0.6319444444444444,male,7.0,True,12b4b0f6-c4d0-4159-8fde-76e9aa6292b6,0.6313377736972461,0.0004455161994787009,1135,0.0,24.861878453038674
6,0.6319444444444444,male,7.0,True,12b4b0f6-c4d0-4159-8fde-76e9aa6292b6,0.6317680369775921,0.0003528726216753079,1309,0.0,43.10344827586207
7,0.6319444444444444,male,7.5,True,12b4b0f6-c4d0-4159-8fde-76e9aa6292b6,0.6318955247828062,0.0002819299615476542,1511,0.0,44.554455445544555
8,0.6319444444444444,male,6.4,True,12b4b0f6-c4d0-4159-8fde-76e9aa6292b6,0.6319317088740495,0.0002930595040141847,1693,0.0,82.41758241758242
