,GF,Gender,Gt,Operative,Patient,Pt,SIt,t,t0,ut
0,0.563888888888889,male,9.2,True,dd159fcc-b1af-439d-a8e4-c2e056d7d541,0.024876036204692416,8.25152709857586e-05,74,0.0,54.054054054054056
1,0.563888888888889,male,6.5,True,dd159fcc-b1af-439d-a8e4-c2e056d7d541,0.08968646190635601,0.00021743515697580476,151,0.0,77.92207792207792
2,0.563888888888889,male,10.5,True,dd159fcc-b1af-439d-a8e4-c2e056d7d541,0.19621037361104446,1.0090283429206982e-05,336,0.0,24.324324324324323
3,0.563888888888889,male,8.9,True,dd159fcc-b1af-439d-a8e4-c2e056d7d541,0.2703074216672357,0.00015949127402472058,390,0.0,64.81481481481481
4,0.563888888888889,male,7.6,True,dd159fcc-b1af-439d-a8e4-c2e056d7d541,0.2536608902225152,0.0001936925136359053,436,0.0,119.56521739130434
