,GF,Gender,Gt,Operative,Patient,Pt,SIt,t,t0,ut
0,0.35337037037037045,female,8.9,True,bf62a631-f714-46cb-acc3-97d1a65e01ea,0.0,0.00012027697320956884,81,0.0,49.382716049382715
1,0.35337037037037045,female,6.1,True,bf62a631-f714-46cb-acc3-97d1a65e01ea,0.0,0.00020437767594356306,176,0.0,94.73684210526316
2,0.35337037037037045,female,5.4,True,bf62a631-f714-46cb-acc3-97d1a65e01ea,0.0,0.0002119584417963238,235,0.0,0.0
3,0.35337037037037045,female,5.6,True,bf62a631-f714-46cb-acc3-97d1a65e01ea,0.0,0.00030653459430996904,383,0.0,0.0
4,0.35337037037037045,female,4.2,True,bf62a631-f714-46cb-acc3-97d1a65e01ea,0.0,0.0005862153063647348,502,0.0,25.210084033613445
5,0.35337037037037045,female,4.3,True,bf62a631-f714-46cb-acc3-97d1a65e01ea,0.0,0.0007954430143737298,585,0.0,0.0
