,GF,Gender,Gt,Operative,Patient,Pt,SIt,t,t0,ut
0,0.25562962962962965,female,7.2,True,280b586b-53eb-464a-9369-16c4bc3dc81a,0.0,0.00018804358111667452,66,0.0,30.303030303030305
1,0.25562962962962965,female,4.4,True,280b586b-53eb-464a-9369-16c4bc3dc81a,0.0,0.0004930587151091373,256,0.0,31.57894736842105
2,0.25562962962962965,female,5.5,True,280b586b-53eb-464a-9369-16c4bc3dc81a,0.0,0.00023625605086774728,317,0.0,0.0
3,0.25562962962962965,female,6.9,True,280b586b-53eb-464a-9369-16c4bc3dc81a,0.0,0.00019057552927891048,516,0.0,15.075376884422111
4,0.25562962962962965,female,6.5,True,280b586b-53eb-464a-9369-16c4bc3dc81a,0.0,0.00020330186495600786,739,0.0,31.390134529147982
5,0.25562962962962965,female,4.6,True,280b586b-53eb-464a-9369-16c4bc3dc81a,0.0,0.00042372033774883133,895,0.0,32.05128205128205
6,0.25562962962962965,female,5.6,True,280b586b-53eb-464a-9369-16c4bc3dc81a,0.0,0.0004973583331886705,1048,0.0,0.0
7,0.25562962962962965,female,5.4,True,280b586b-53eb-464a-9369-16c4bc3dc81a,0.0,0.0004800483833619561,1145,0.0,20.61855670103093
