,GF,Gender,Gt,Operative,Patient,Pt,SIt,t,t0,ut
0,0.5488518518518518,female,8.0,True,c4ab8401-4e5a-4c4a-ad2e-10aebebc72a8,0.03832796545691362,0.00013641484385072425,62,0.0,48.38709677419355
1,0.5488518518518518,female,7.5,True,c4ab8401-4e5a-4c4a-ad2e-10aebebc72a8,0.22654091361512071,0.00015424877922413566,184,0.0,81.9672131147541
2,0.5488518518518518,female,7.3,True,c4ab8401-4e5a-4c4a-ad2e-10aebebc72a8,0.36417487464909054,0.00017811598617441607,248,0.0,62.5
