,GF,Gender,Gt,Operative,Patient,Pt,SIt,t,t0,ut
0,0.5488518518518518,male,6.3,True,350f8b57-5603-4573-bb9c-2dbf8238d781,0.05121568206110714,0.00039859439106876667,66,0.0,50.0
