,GF,Gender,Gt,Operative,Patient,Pt,SIt,t,t0,ut
0,0.48611111111111116,female,8.9,True,56aff3df-6e51-4761-b1f5-5915e09a8876,0.07665474917842609,-0.000522948413912861,96,0.0,0.0
1,0.48611111111111116,female,8.5,True,56aff3df-6e51-4761-b1f5-5915e09a8876,0.21389363811372922,0.0001526756795648075,135,0.0,51.282051282051285
2,0.48611111111111116,female,5.8,True,56aff3df-6e51-4761-b1f5-5915e09a8876,0.34925653995080425,0.00037154383991268655,314,0.0,50.279329608938546
