,GF,Gender,Gt,Operative,Patient,Pt,SIt,t,t0,ut
0,0.6165185185185186,male,7.2,True,bc5dcdb6-505a-435a-97b6-48dc2188ca90,0.0,0.00012500122424788596,191,0.0,43.63001745200698
1,0.6165185185185186,male,6.9,True,bc5dcdb6-505a-435a-97b6-48dc2188ca90,0.0,0.00012344299814549708,242,0.0,78.43137254901961
