,GF,Gender,Gt,Operative,Patient,Pt,SIt,t,t0,ut
0,0.5055555555555556,female,5.7,True,afdcc19a-2269-4eb6-b263-824b0ec207a6,0.06881330402640196,0.0004004261358426298,86,0.0,46.51162790697674
1,0.5055555555555556,female,5.7,True,afdcc19a-2269-4eb6-b263-824b0ec207a6,0.27197304475173406,0.0004158957671068229,209,0.0,24.390243902439025
2,0.5055555555555556,female,5.1,True,afdcc19a-2269-4eb6-b263-824b0ec207a6,0.42793638846701015,0.0007848912773164319,423,0.0,21.02803738317757
3,0.5055555555555556,female,6.5,True,afdcc19a-2269-4eb6-b263-824b0ec207a6,0.48646035549616623,0.001048653999917228,607,0.0,0.0
4,0.5055555555555556,female,7.9,True,afdcc19a-2269-4eb6-b263-824b0ec207a6,0.5004626025928762,0.0006367325587214852,808,0.0,0.0
5,0.5055555555555556,female,6.2,True,afdcc19a-2269-4eb6-b263-824b0ec207a6,0.5042276924996889,0.0006512375002838392,991,0.0,16.39344262295082
