,GF,Gender,Gt,Operative,Patient,Pt,SIt,t,t0,ut
0,0.6319444444444444,male,10.5,True,9e07038d-4ff1-40d4-a1a4-ecad0ae3c5b3,0.09556634900664858,5.912762298380036e-05,93,0.0,43.01075268817204
1,0.6319444444444444,male,8.9,True,9e07038d-4ff1-40d4-a1a4-ecad0ae3c5b3,0.33452757785850373,0.0001563035934677884,194,0.0,59.40594059405941
2,0.6319444444444444,male,8.5,True,9e07038d-4ff1-40d4-a1a4-ecad0ae3c5b3,0.49004211503373807,0.00014875032577578085,310,0.0,103.44827586206897
3,0.6319444444444444,male,4.4,True,9e07038d-4ff1-40d4-a1a4-ecad0ae3c5b3,0.4623921258767582,0.00038504789810512365,457,0.0,81.63265306122449
4,0.6319444444444444,male,3.7,True,9e07038d-4ff1-40d4-a1a4-ecad0ae3c5b3,0.25251136753725145,0.0004750929870733251,514,0.0,0.0
