,GF,Gender,Gt,Operative,Patient,Pt,SIt,t,t0,ut
0,1.201111111111111,male,6.8,True,617111fa-76cc-4179-96d7-9ceff46df241,0.09746151792449267,0.00020801372721180304,66,0.0,110.60606060606061
