,GF,Gender,Gt,Operative,Patient,Pt,SIt,t,t0,ut
0,0.5488518518518518,female,6.3,True,e4e657f3-afbd-478f-bb21-d9741e5847cd,0.05499499190349261,0.00034992598959600953,68,0.0,29.41176470588235
1,0.5488518518518518,female,7.8,True,e4e657f3-afbd-478f-bb21-d9741e5847cd,0.33989306271316705,0.00038439422010195053,300,0.0,12.931034482758621
2,0.5488518518518518,female,6.4,True,e4e657f3-afbd-478f-bb21-d9741e5847cd,0.5015489892385182,0.00043918490693294114,488,0.0,31.914893617021278
3,0.5488518518518518,female,5.8,True,e4e657f3-afbd-478f-bb21-d9741e5847cd,0.5356782440866373,0.0004963916093066832,667,0.0,33.5195530726257
4,0.5488518518518518,female,6.0,True,e4e657f3-afbd-478f-bb21-d9741e5847cd,0.5450945752784088,0.0005345132828219165,851,0.0,24.456521739130434
5,0.5488518518518518,female,6.7,True,e4e657f3-afbd-478f-bb21-d9741e5847cd,0.547830624445696,0.0004621164192066699,1045,0.0,23.195876288659793
