,GF,Gender,Gt,Operative,Patient,Pt,SIt,t,t0,ut
0,0.48118518518518516,male,8.8,True,a7a2e2e0-6534-4999-b267-b5f1e2df7986,0.0,0.00021388914909089115,84,0.0,71.42857142857143
1,0.48118518518518516,male,9.8,True,a7a2e2e0-6534-4999-b267-b5f1e2df7986,0.0,-2.272510325557239e-06,209,0.0,16.0
2,0.48118518518518516,male,6.9,True,a7a2e2e0-6534-4999-b267-b5f1e2df7986,0.0,0.0001724597081363461,319,0.0,54.54545454545455
3,0.48118518518518516,male,6.8,True,a7a2e2e0-6534-4999-b267-b5f1e2df7986,0.0,0.00012086685582753809,415,0.0,31.25
4,0.48118518518518516,male,4.4,True,a7a2e2e0-6534-4999-b267-b5f1e2df7986,0.0,0.0003495158505772974,522,0.0,56.074766355140184
