,GF,Gender,Gt,Operative,Patient,Pt,SIt,t,t0,ut
0,0.5037407407407407,male,6.8,True,e924ffa2-461f-454e-a613-4a7f8719f6f1,0.05295061867112897,0.00021042098905754982,129,0.0,85.71428571428571
1,0.5037407407407407,male,4.6,True,e924ffa2-461f-454e-a613-4a7f8719f6f1,0.16710200222777116,0.0005149033741717917,342,0.0,21.12676056338028
2,0.5037407407407407,male,6.7,True,e924ffa2-461f-454e-a613-4a7f8719f6f1,0.2806058877846438,0.0005408977363091701,509,0.0,0.0
3,0.5037407407407407,male,8.6,True,e924ffa2-461f-454e-a613-4a7f8719f6f1,0.3317145403823982,0.00021132413970152645,707,0.0,15.151515151515152
4,0.5037407407407407,male,7.5,True,e924ffa2-461f-454e-a613-4a7f8719f6f1,0.33797778720800814,0.0003015617950096099,748,0.0,73.17073170731707
5,0.5037407407407407,male,7.7,True,e924ffa2-461f-454e-a613-4a7f8719f6f1,0.3271336258196418,0.00018299828310116295,930,0.0,41.20879120879121
6,0.5037407407407407,male,7.1,True,e924ffa2-461f-454e-a613-4a7f8719f6f1,0.3281251219391848,0.00021026477667076567,992,0.0,72.58064516129032
7,0.5037407407407407,male,6.8,True,e924ffa2-461f-454e-a613-4a7f8719f6f1,0.31523964722296993,0.00021239484056069112,1170,0.0,50.561797752808985
8,0.5037407407407407,male,6.4,True,e924ffa2-461f-454e-a613-4a7f8719f6f1,0.3974683792396692,0.0002678354311532109,1378,0.0,57.69230769230769
