,GF,Gender,Gt,Operative,Patient,Pt,SIt,t,t0,ut
0,0.5037407407407407,female,9.5,True,d81d7052-0df8-421e-af1b-09e398e90e07,0.0,0.00016099125926612604,61,0.0,98.36065573770492
1,0.5037407407407407,female,6.2,True,d81d7052-0df8-421e-af1b-09e398e90e07,0.0,0.00019648657327058403,148,0.0,68.96551724137932
2,0.5037407407407407,female,7.3,True,d81d7052-0df8-421e-af1b-09e398e90e07,0.0,7.082270879526033e-05,268,0.0,0.0
3,0.5037407407407407,female,5.7,True,d81d7052-0df8-421e-af1b-09e398e90e07,0.0,0.00026796258471929653,366,0.0,40.816326530612244
4,0.5037407407407407,female,9.0,True,d81d7052-0df8-421e-af1b-09e398e90e07,0.0,-4.397147257372893e-05,513,0.0,13.605442176870747
5,0.5037407407407407,female,8.4,True,d81d7052-0df8-421e-af1b-09e398e90e07,0.0,4.9864685559575785e-05,539,0.0,115.38461538461539
6,0.5037407407407407,female,4.0,True,d81d7052-0df8-421e-af1b-09e398e90e07,0.0,0.0004478596163493403,660,0.0,41.32231404958678
