,GF,Gender,Gt,Operative,Patient,Pt,SIt,t,t0,ut
0,0.6416666666666667,male,8.5,True,c7b72d9c-a77c-444e-a859-d81319fadff1,0.051867926851068585,0.00020614962978662002,60,0.0,83.33333333333333
1,0.6416666666666667,male,7.5,True,c7b72d9c-a77c-444e-a859-d81319fadff1,0.3415478200947693,0.00021751616396438605,240,0.0,50.0
