,GF,Gender,Gt,Operative,Patient,Pt,SIt,t,t0,ut
0,0.624037037037037,male,6.9,True,a961597c-7c93-4743-8400-cfea912b4be2,0.15174694709729278,0.00020135779919076916,230,0.0,41.899441340782126
1,0.624037037037037,male,6.4,True,a961597c-7c93-4743-8400-cfea912b4be2,0.2453575035795838,0.0002437321662447729,364,0.0,44.776119402985074
