,GF,Gender,Gt,Operative,Patient,Pt,SIt,t,t0,ut
0,0.3684074074074074,female,13.2,True,c0dd48a8-cce1-43d3-9cc2-d3a738c72476,0.0,5.964719875946625e-06,74,0.0,81.08108108108108
1,0.3684074074074074,female,13.8,True,c0dd48a8-cce1-43d3-9cc2-d3a738c72476,0.0,-4.290582065579668e-05,147,0.0,82.1917808219178
2,0.3684074074074074,female,12.3,True,c0dd48a8-cce1-43d3-9cc2-d3a738c72476,0.0,1.4299063764794607e-05,217,0.0,85.71428571428571
3,0.3684074074074074,female,10.7,True,c0dd48a8-cce1-43d3-9cc2-d3a738c72476,0.0,4.6748145997303345e-05,266,0.0,122.44897959183673
4,0.3684074074074074,female,9.3,True,c0dd48a8-cce1-43d3-9cc2-d3a738c72476,0.0,5.9180655214369745e-05,325,0.0,101.69491525423729
5,0.3684074074074074,female,9.6,True,c0dd48a8-cce1-43d3-9cc2-d3a738c72476,0.0,7.111675747669872e-06,389,0.0,93.75
6,0.3684074074074074,female,9.0,True,c0dd48a8-cce1-43d3-9cc2-d3a738c72476,0.0,4.074790219561965e-05,444,0.0,125.75757575757584
7,0.3684074074074074,female,8.4,True,c0dd48a8-cce1-43d3-9cc2-d3a738c72476,0.0,5.1414308011462384e-05,513,0.0,89.13043478260875
8,0.3684074074074074,female,8.4,True,c0dd48a8-cce1-43d3-9cc2-d3a738c72476,0.0,4.0589085030106187e-05,559,0.0,125.36231884057977
