,GF,Gender,Gt,Operative,Patient,Pt,SIt,t,t0,ut
0,0.624037037037037,male,7.0,True,3a9825fb-efd7-4122-8e75-9d72c8dd3fa1,0.24849751640544493,0.0003812782924654606,228,0.0,17.142857142857142
1,0.624037037037037,male,7.1,True,3a9825fb-efd7-4122-8e75-9d72c8dd3fa1,0.48185234911341407,0.00035509831645064746,420,0.0,31.25
2,0.624037037037037,male,6.9,True,3a9825fb-efd7-4122-8e75-9d72c8dd3fa1,0.5733234206441641,0.0003144785625065981,604,0.0,48.91304347826087
3,0.624037037037037,male,6.0,True,3a9825fb-efd7-4122-8e75-9d72c8dd3fa1,0.6090067365091173,0.0003695469879304371,775,0.0,61.40350877192982
4,0.624037037037037,male,6.1,True,3a9825fb-efd7-4122-8e75-9d72c8dd3fa1,0.619861189392659,0.0004256942154915365,981,0.0,36.407766990291265
5,0.624037037037037,male,5.6,True,3a9825fb-efd7-4122-8e75-9d72c8dd3fa1,0.622897207975935,0.0004955309052908619,1140,0.0,47.16981132075472
