,GF,Gender,Gt,Operative,Patient,Pt,SIt,t,t0,ut
0,0.563888888888889,male,12.6,True,f6025c37-109d-4ba1-9bc6-9a2d6b8e5737,0.0,5.6494924232271246e-05,86,0.0,69.76744186046511
1,0.563888888888889,male,4.7,True,f6025c37-109d-4ba1-9bc6-9a2d6b8e5737,0.0,0.0003771697368714335,150,0.0,93.75
2,0.563888888888889,male,9.2,True,f6025c37-109d-4ba1-9bc6-9a2d6b8e5737,0.0,-9.23988855763987e-05,197,0.0,0.0
3,0.563888888888889,male,8.9,True,f6025c37-109d-4ba1-9bc6-9a2d6b8e5737,0.0,4.694509919117882e-05,267,0.0,28.571428571428573
