,GF,Gender,Gt,Operative,Patient,Pt,SIt,t,t0,ut
0,0.5037407407407407,male,7.2,True,7bfeee33-2ce9-4dfe-8242-fae89279e4b1,0.23703711305602984,0.0001926011824109994,239,0.0,64.1711229946524
1,0.5037407407407407,male,5.9,True,7bfeee33-2ce9-4dfe-8242-fae89279e4b1,0.40098944293246574,0.0002850847700100488,396,0.0,76.43312101910828
2,0.5037407407407407,male,7.4,True,7bfeee33-2ce9-4dfe-8242-fae89279e4b1,0.37866354983418093,0.0001584742990402033,602,0.0,36.407766990291265
