,GF,Gender,Gt,Operative,Patient,Pt,SIt,t,t0,ut
0,0.563888888888889,male,9.3,True,1d447ed6-f472-4104-ad38-4fb54ab9c111,0.0,7.608657992251272e-05,113,0.0,107.14285714285714
1,0.563888888888889,male,9.5,True,1d447ed6-f472-4104-ad38-4fb54ab9c111,0.0,1.2940273158297268e-05,181,0.0,88.23529411764706
2,0.563888888888889,male,8.5,True,1d447ed6-f472-4104-ad38-4fb54ab9c111,0.0,6.779017400338039e-05,241,0.0,100.0
3,0.563888888888889,male,8.9,True,1d447ed6-f472-4104-ad38-4fb54ab9c111,0.0,2.2804726602100404e-05,354,0.0,53.097345132743364
