,GF,Gender,Gt,Operative,Patient,Pt,SIt,t,t0,ut
0,0.563888888888889,male,6.7,True,d81f65a0-2a1f-49b4-93b8-371817a75a9f,0.05499499190349004,0.0002782093447620189,68,0.0,14.705882352941176
1,0.563888888888889,male,6.8,True,d81f65a0-2a1f-49b4-93b8-371817a75a9f,0.2593846863006204,0.000443490191995758,179,0.0,18.01801801801802
