,GF,Gender,Gt,Operative,Patient,Pt,SIt,t,t0,ut
0,0.563888888888889,male,21.3,True,3bb31283-a176-4fa9-a46a-70212b428944,0.017873992075343292,-9.827283953466256e-05,78,0.0,76.92307692307692
1,0.563888888888889,male,22.2,True,3bb31283-a176-4fa9-a46a-70212b428944,0.06691355917567737,-7.309828641363133e-05,149,0.0,84.50704225352112
2,0.563888888888889,male,21.0,True,3bb31283-a176-4fa9-a46a-70212b428944,0.10479206039088025,-3.603898854388791e-05,212,0.0,95.23809523809524
3,0.563888888888889,male,21.1,True,3bb31283-a176-4fa9-a46a-70212b428944,0.1259363051746244,-4.692654842785286e-05,256,0.0,136.36363636363637
4,0.563888888888889,male,17.2,True,3bb31283-a176-4fa9-a46a-70212b428944,0.13970587477651628,2.4547300538665668e-05,313,0.0,105.26315789473684
5,0.563888888888889,male,18.9,True,3bb31283-a176-4fa9-a46a-70212b428944,0.15179783350177598,-5.966962800681221e-05,388,0.0,80.0
6,0.563888888888889,male,19.3,True,3bb31283-a176-4fa9-a46a-70212b428944,0.1592661813157029,-4.953701460363061e-05,437,0.0,139.11564625850343
7,0.563888888888889,male,17.7,True,3bb31283-a176-4fa9-a46a-70212b428944,0.16366119985674982,-9.079397694748461e-06,501,0.0,110.4166666666667
