,GF,Gender,Gt,Operative,Patient,Pt,SIt,t,t0,ut
0,0.42103703703703704,male,10.0,True,d64e8541-fa97-4399-b42a-916dde356632,0.0,0.00016887360012113364,73,0.0,82.1917808219178
