,GF,Gender,Gt,Operative,Patient,Pt,SIt,t,t0,ut
0,0.6917037037037037,male,7.3,True,ef8474ca-cb1c-48a1-8961-a2901d5c257f,0.17613879255366896,0.0002123786225128832,108,0.0,81.9672131147541
1,0.6917037037037037,male,5.6,True,ef8474ca-cb1c-48a1-8961-a2901d5c257f,0.41654112164358714,0.00038415680506659165,294,0.0,48.38709677419355
2,0.6917037037037037,male,8.6,True,ef8474ca-cb1c-48a1-8961-a2901d5c257f,0.5698796052210223,0.00021338139012189958,501,0.0,28.985507246376812
3,0.6917037037037037,male,7.7,True,ef8474ca-cb1c-48a1-8961-a2901d5c257f,0.6031685140665485,0.00028761534064220283,546,0.0,88.88888888888889
4,0.6917037037037037,male,7.4,True,ef8474ca-cb1c-48a1-8961-a2901d5c257f,0.6136198263722225,0.00023885263832928403,717,0.0,70.17543859649123
5,0.6917037037037037,male,4.5,True,ef8474ca-cb1c-48a1-8961-a2901d5c257f,0.6198117293973161,0.0004904274423902405,793,0.0,78.94736842105263
6,0.6917037037037037,male,5.0,True,ef8474ca-cb1c-48a1-8961-a2901d5c257f,0.6212706555629459,0.0004905319241681806,837,0.0,0.0
