,GF,Gender,Gt,Operative,Patient,Pt,SIt,t,t0,ut
0,0.5037407407407407,female,22.1,True,e6d80ec5-c865-4ae2-b9b7-7093463a7c0d,0.0,-0.00019668281944026152,60,0.0,100.0
