,GF,Gender,Gt,Operative,Patient,Pt,SIt,t,t0,ut
0,0.5037407407407407,male,7.8,True,239fd3c4-3964-4821-97f5-88e418d4fa00,0.015621735737891548,0.00019112187062294422,71,0.0,42.25352112676056
1,0.5037407407407407,male,2.8,True,239fd3c4-3964-4821-97f5-88e418d4fa00,0.15729438528476405,0.0011165661313205836,310,0.0,31.380753138075313
