,GF,Gender,Gt,Operative,Patient,Pt,SIt,t,t0,ut
0,0.037592592592592594,male,9.9,True,f39f540f-d68a-4911-a4d5-4d00505ed3d2,0.0,8.012106227560531e-05,61,0.0,65.57377049180327
1,0.037592592592592594,male,8.1,True,f39f540f-d68a-4911-a4d5-4d00505ed3d2,0.0,9.754597596175583e-05,163,0.0,58.8235294117647
2,0.037592592592592594,male,6.4,True,f39f540f-d68a-4911-a4d5-4d00505ed3d2,0.0,0.00017000869193043548,253,0.0,66.66666666666667
3,0.037592592592592594,male,6.7,True,f39f540f-d68a-4911-a4d5-4d00505ed3d2,0.0,0.00012978768971734438,397,0.0,13.88888888888889
4,0.037592592592592594,male,6.4,True,f39f540f-d68a-4911-a4d5-4d00505ed3d2,0.0,0.0001454030484341482,509,0.0,53.57142857142857
5,0.037592592592592594,male,5.5,True,f39f540f-d68a-4911-a4d5-4d00505ed3d2,0.0,0.00022156579227692932,614,0.0,47.61904761904762
6,0.037592592592592594,male,5.9,True,f39f540f-d68a-4911-a4d5-4d00505ed3d2,0.0,0.0002602293412472863,747,0.0,0.0
7,0.037592592592592594,male,5.4,True,f39f540f-d68a-4911-a4d5-4d00505ed3d2,0.0,0.00029731102614245346,877,0.0,30.76923076923077
