,GF,Gender,Gt,Operative,Patient,Pt,SIt,t,t0,ut
0,0.593962962962963,male,11.0,True,1cbcd7ff-6942-46e5-9636-abd9e0ee6db8,0.0,7.223959480101555e-05,105,0.0,100.0
1,0.593962962962963,male,10.2,True,1cbcd7ff-6942-46e5-9636-abd9e0ee6db8,0.0,2.9536200730014235e-05,165,0.0,100.0
2,0.593962962962963,male,9.6,True,1cbcd7ff-6942-46e5-9636-abd9e0ee6db8,0.0,3.323952850787167e-05,224,0.0,101.69491525423729
3,0.593962962962963,male,9.6,True,1cbcd7ff-6942-46e5-9636-abd9e0ee6db8,0.0,1.582741999097523e-05,303,0.0,75.9493670886076
4,0.593962962962963,male,9.2,True,1cbcd7ff-6942-46e5-9636-abd9e0ee6db8,0.00522700119474313,3.44999429058336e-05,365,0.0,96.7741935483871
5,0.593962962962963,male,7.8,True,1cbcd7ff-6942-46e5-9636-abd9e0ee6db8,0.324074074074074,0.00014057109461001823,496,0.0,77.73536895674299
6,0.593962962962963,male,6.3,True,1cbcd7ff-6942-46e5-9636-abd9e0ee6db8,0.3240740740740741,0.00019703574411054307,613,0.0,119.23076923076925
7,0.593962962962963,male,7.6,True,1cbcd7ff-6942-46e5-9636-abd9e0ee6db8,0.32407407407407407,0.00012226206987121134,733,0.0,33.33333333333333
8,0.593962962962963,male,7.4,True,1cbcd7ff-6942-46e5-9636-abd9e0ee6db8,0.3240740740740741,0.000163501253932212,850,0.0,67.52136752136752
