,GF,Gender,Gt,Operative,Patient,Pt,SIt,t,t0,ut
0,0.6165185185185186,male,9.9,True,8f689915-49ca-411a-971f-40e78860fead,0.06164806376879367,2.642650587233352e-05,64,0.0,46.875
