,GF,Gender,Gt,Operative,Patient,Pt,SIt,t,t0,ut
0,0.5488518518518518,female,7.6,True,aad7d6cb-4c50-48f1-9174-39402f01c753,0.011590705291459145,0.00022243996781808823,74,0.0,54.054054054054056
1,0.5488518518518518,female,5.9,True,aad7d6cb-4c50-48f1-9174-39402f01c753,0.13209808838011733,0.0002784205666674485,247,0.0,43.35260115606936
2,0.5488518518518518,female,5.6,True,aad7d6cb-4c50-48f1-9174-39402f01c753,0.3110182824268211,0.00036498649374066096,423,0.0,42.61363636363637
