,GF,Gender,Gt,Operative,Patient,Pt,SIt,t,t0,ut
0,0.4060000000000001,female,8.3,True,5544b27f-8be6-4afd-9e67-e39ad274c173,0.0,0.00015707161723872533,92,0.0,54.34782608695652
1,0.4060000000000001,female,9.1,True,5544b27f-8be6-4afd-9e67-e39ad274c173,0.0,1.344170458761287e-05,203,0.0,54.054054054054056
2,0.4060000000000001,female,5.2,True,5544b27f-8be6-4afd-9e67-e39ad274c173,0.0,0.0003005018791413702,262,0.0,101.69491525423729
3,0.4060000000000001,female,6.5,True,5544b27f-8be6-4afd-9e67-e39ad274c173,0.0,8.365192339776605e-05,362,0.0,0.0
4,0.4060000000000001,female,5.9,True,5544b27f-8be6-4afd-9e67-e39ad274c173,0.0,0.00020059397328996335,412,0.0,40.0
5,0.4060000000000001,female,5.0,True,5544b27f-8be6-4afd-9e67-e39ad274c173,0.0,0.00032271115315372846,511,0.0,30.303030303030305
6,0.4060000000000001,female,7.2,True,5544b27f-8be6-4afd-9e67-e39ad274c173,0.0,0.0001710576124279219,724,0.0,0.0
