,GF,Gender,Gt,Operative,Patient,Pt,SIt,t,t0,ut
0,0.5488518518518518,female,11.9,True,5de6a377-46a4-481b-91e3-6a9b9f7f958e,0.0,-1.0911355817863798e-05,70,0.0,71.42857142857143
1,0.5488518518518518,female,8.6,True,5de6a377-46a4-481b-91e3-6a9b9f7f958e,0.0,0.0001191405265834171,149,0.0,75.9493670886076
2,0.5488518518518518,female,8.2,True,5de6a377-46a4-481b-91e3-6a9b9f7f958e,0.0,6.214840587900354e-05,290,0.0,35.46099290780142
3,0.5488518518518518,female,4.7,True,5de6a377-46a4-481b-91e3-6a9b9f7f958e,0.0,0.00033939233815366327,427,0.0,36.496350364963504
4,0.5488518518518518,female,4.8,True,5de6a377-46a4-481b-91e3-6a9b9f7f958e,0.0,0.0003301502038598249,479,0.0,0.0
5,0.5488518518518518,female,8.6,True,5de6a377-46a4-481b-91e3-6a9b9f7f958e,0.0,-6.71551024285025e-05,636,0.0,0.0
