,GF,Gender,Gt,Operative,Patient,Pt,SIt,t,t0,ut
0,0.36088888888888887,female,9.4,True,1e6378fb-b040-4089-817e-d184a849edca,0.0,9.374262635154337e-05,88,0.0,45.45454545454545
1,0.36088888888888887,female,8.3,True,1e6378fb-b040-4089-817e-d184a849edca,0.0,0.0001345557252372816,149,0.0,65.57377049180327
2,0.36088888888888887,female,7.7,True,1e6378fb-b040-4089-817e-d184a849edca,0.0,8.308866228767113e-05,267,0.0,33.898305084745765
3,0.36088888888888887,female,6.5,True,1e6378fb-b040-4089-817e-d184a849edca,0.0,0.00017103275476989353,380,0.0,26.548672566371682
4,0.36088888888888887,female,6.4,True,1e6378fb-b040-4089-817e-d184a849edca,0.0,0.0001585253468820166,434,0.0,37.03703703703704
