,GF,Gender,Gt,Operative,Patient,Pt,SIt,t,t0,ut
0,0.6014814814814815,male,8.4,True,20463548-752d-4821-9fac-f135df80486c,0.07020357418173419,0.00017061472708935582,77,0.0,51.94805194805195
1,0.6014814814814815,male,6.4,True,20463548-752d-4821-9fac-f135df80486c,0.30882006512053095,0.0002722368496161139,203,0.0,63.492063492063494
2,0.6014814814814815,male,4.6,True,20463548-752d-4821-9fac-f135df80486c,0.5148278988932908,0.001258795720710608,458,0.0,11.764705882352942
3,0.6014814814814815,male,5.1,True,20463548-752d-4821-9fac-f135df80486c,0.5792761776718781,0.0019599071475209923,566,0.0,0.0
4,0.6014814814814815,male,4.9,True,20463548-752d-4821-9fac-f135df80486c,0.5911355381005706,0.0029531947613753366,679,0.0,0.0
