,GF,Gender,Gt,Operative,Patient,Pt,SIt,t,t0,ut
0,0.4511111111111112,female,10.8,True,4c4bad91-faa6-4c13-9519-a73b9b2f11c5,0.07407407407407408,-0.00017906171450591876,161,0.0,0.0
1,0.4511111111111112,female,9.8,True,4c4bad91-faa6-4c13-9519-a73b9b2f11c5,0.0740740740740741,9.070261549333824e-05,238,0.0,25.974025974025974
2,0.4511111111111112,female,9.7,True,4c4bad91-faa6-4c13-9519-a73b9b2f11c5,0.07407407407407411,4.2858957652402916e-05,300,0.0,64.51612903225806
3,0.4511111111111112,female,3.5,True,4c4bad91-faa6-4c13-9519-a73b9b2f11c5,0.07407407407407408,0.0005025415774666577,364,0.0,93.75
4,0.4511111111111112,female,8.3,True,4c4bad91-faa6-4c13-9519-a73b9b2f11c5,0.07407407407407411,-0.00018851153256054345,433,0.0,0.0
5,0.4511111111111112,female,9.7,True,4c4bad91-faa6-4c13-9519-a73b9b2f11c5,0.0740740740740741,-3.8071316362760325e-05,490,0.0,35.08771929824562
6,0.4511111111111112,female,8.4,True,4c4bad91-faa6-4c13-9519-a73b9b2f11c5,0.07407407407407407,0.00010013561683815877,535,0.0,88.88888888888889
