,GF,Gender,Gt,Operative,Patient,Pt,SIt,t,t0,ut
0,0.4511111111111112,male,16.3,True,dbd12024-f80c-4d7d-88fb-a0ce467466dd,0.06140264051588525,-3.119422185229439e-05,86,0.0,69.76744186046511
1,0.4511111111111112,male,14.8,True,dbd12024-f80c-4d7d-88fb-a0ce467466dd,0.20087874126358124,1.5616783477646063e-05,149,0.0,95.23809523809524
2,0.4511111111111112,male,13.9,True,dbd12024-f80c-4d7d-88fb-a0ce467466dd,0.29174979152954333,2.1353190771138192e-05,219,0.0,85.71428571428571
3,0.4511111111111112,male,12.6,True,dbd12024-f80c-4d7d-88fb-a0ce467466dd,0.35098052956452297,5.123765310505694e-05,283,0.0,93.75
4,0.4511111111111112,male,11.6,True,dbd12024-f80c-4d7d-88fb-a0ce467466dd,0.38494921234417123,6.673670468947763e-05,338,0.0,109.0909090909091
5,0.4511111111111112,male,11.3,True,dbd12024-f80c-4d7d-88fb-a0ce467466dd,0.40818504074100964,5.626681776928282e-05,409,0.0,84.50704225352112
6,0.4511111111111112,male,8.8,True,dbd12024-f80c-4d7d-88fb-a0ce467466dd,0.42888612193564457,0.0001445282482207343,534,0.0,64.66666666666671
7,0.4511111111111112,male,4.6,True,dbd12024-f80c-4d7d-88fb-a0ce467466dd,0.4421440202943413,0.00036577639860899255,673,0.0,146.16306954436453
8,0.4511111111111112,male,5.6,True,dbd12024-f80c-4d7d-88fb-a0ce467466dd,0.4466209463267824,0.00023744469265740123,724,0.0,0.0
