,GF,Gender,Gt,Operative,Patient,Pt,SIt,t,t0,ut
0,0.6527777777777778,female,6.5,True,c71f6ac7-c50e-4358-b460-d8e534976fc9,0.29623504969048897,0.000318622649103399,207,0.0,45.73170731707317
1,0.6527777777777778,female,8.4,True,c71f6ac7-c50e-4358-b460-d8e534976fc9,0.5446958902162988,0.0002050923746764936,398,0.0,39.26701570680628
2,0.6527777777777778,female,7.3,True,c71f6ac7-c50e-4358-b460-d8e534976fc9,0.6094931540834607,0.00029528407247982443,452,0.0,83.33333333333333
3,0.6527777777777778,female,5.8,True,c71f6ac7-c50e-4358-b460-d8e534976fc9,0.6318130168400852,0.0003677219287705851,622,0.0,70.58823529411765
4,0.6527777777777778,female,6.9,True,c71f6ac7-c50e-4358-b460-d8e534976fc9,0.6466386059150929,0.0003093787008795228,810,0.0,39.8936170212766
