,GF,Gender,Gt,Operative,Patient,Pt,SIt,t,t0,ut
0,0.46666666666666673,female,8.7,True,43e0091c-c256-4744-8edd-c88a26c3150e,0.05346673624839609,0.00012657248665134377,76,0.0,52.63157894736842
1,0.46666666666666673,female,7.0,True,43e0091c-c256-4744-8edd-c88a26c3150e,0.2644971210489205,0.00019634871352085178,245,0.0,79.88165680473372
2,0.46666666666666673,female,5.8,True,43e0091c-c256-4744-8edd-c88a26c3150e,0.4059703112025785,0.0002990467414199891,428,0.0,57.377049180327866
3,0.46666666666666673,female,6.7,True,43e0091c-c256-4744-8edd-c88a26c3150e,0.449308455663657,0.00026097694465797896,605,0.0,42.3728813559322
4,0.46666666666666673,female,6.8,True,43e0091c-c256-4744-8edd-c88a26c3150e,0.46178249951653916,0.00024857924000800963,797,0.0,54.6875
