,GF,Gender,Gt,Operative,Patient,Pt,SIt,t,t0,ut
0,0.45862962962962955,female,9.3,True,4314e1cf-4e28-4841-938f-701dc166a529,0.0,0.0001306093291119597,118,0.0,98.36065573770492
1,0.45862962962962955,female,9.3,True,4314e1cf-4e28-4841-938f-701dc166a529,0.0,2.2283673740252793e-05,192,0.0,81.08108108108108
2,0.45862962962962955,female,9.4,True,4314e1cf-4e28-4841-938f-701dc166a529,0.0,1.7446198735807117e-05,266,0.0,81.08108108108108
3,0.45862962962962955,female,10.4,True,4314e1cf-4e28-4841-938f-701dc166a529,0.0,-1.3286386082473442e-05,388,0.0,0.0
4,0.45862962962962955,female,8.3,True,4314e1cf-4e28-4841-938f-701dc166a529,0.0,0.0001430799123408425,447,0.0,33.898305084745765
5,0.45862962962962955,female,6.8,True,4314e1cf-4e28-4841-938f-701dc166a529,0.0,0.0001395303251098036,573,0.0,47.61904761904762
6,0.45862962962962955,female,7.4,True,4314e1cf-4e28-4841-938f-701dc166a529,0.0,6.71607761930832e-05,675,0.0,49.01960784313726
7,0.45862962962962955,female,8.0,True,4314e1cf-4e28-4841-938f-701dc166a529,0.0,5.111506827008145e-05,803,0.0,39.0625
8,0.45862962962962955,female,7.3,True,4314e1cf-4e28-4841-938f-701dc166a529,0.0,0.0001086801264098496,930,0.0,39.37007874015748
