,GF,Gender,Gt,Operative,Patient,Pt,SIt,t,t0,ut
0,0.49622222222222234,female,14.1,True,bd0c4480-2508-4d86-8efe-67d9c287055a,0.002735408612417824,7.540812712948474e-06,135,0.0,78.94736842105263
1,0.49622222222222234,female,7.7,True,bd0c4480-2508-4d86-8efe-67d9c287055a,0.004630733772662113,0.00018881216926700932,209,0.0,81.08108108108108
2,0.49622222222222234,female,7.0,True,bd0c4480-2508-4d86-8efe-67d9c287055a,0.005695144882707373,0.00010882247948285751,267,0.0,68.96551724137932
3,0.49622222222222234,female,9.5,True,bd0c4480-2508-4d86-8efe-67d9c287055a,0.006607738114052507,-1.308950790609349e-05,421,0.0,87.66233766233766
4,0.49622222222222234,female,4.1,True,bd0c4480-2508-4d86-8efe-67d9c287055a,0.01306030267349176,0.0003457320596488577,499,0.0,76.92307692307692
