,GF,Gender,Gt,Operative,Patient,Pt,SIt,t,t0,ut
0,1.6185185185185185,male,5.2,True,32637e75-c002-4018-bdf7-8b120f39665c,0.031358781634364466,0.0004880625273783527,64,0.0,46.875
1,1.6185185185185185,male,5.6,True,32637e75-c002-4018-bdf7-8b120f39665c,0.2534509787343746,0.0007475909255615154,177,0.0,0.0
2,1.6185185185185185,male,6.3,True,32637e75-c002-4018-bdf7-8b120f39665c,0.6570663204559422,0.0008758132155530384,291,0.0,17.54385964912281
