,GF,Gender,Gt,Operative,Patient,Pt,SIt,t,t0,ut
0,0.6165185185185186,male,9.7,True,df2e9c2b-0368-480e-9495-99fb9578c412,0.06746052340161444,1.697116315401066e-05,68,0.0,44.11764705882353
