,GF,Gender,Gt,Operative,Patient,Pt,SIt,t,t0,ut
0,1.0705555555555555,male,12.3,True,08561bc4-15b8-4533-b490-cad06059da67,0.18022363220632362,5.488483959987108e-05,94,0.0,63.829787234042556
