,GF,Gender,Gt,Operative,Patient,Pt,SIt,t,t0,ut
0,0.48444444444444446,female,7.0,True,5da1138c-0333-4c89-8ac1-e75aaf5ab618,0.5170697778562289,0.00048245963243853413,262,0.0,0.0
1,0.48444444444444446,female,6.7,True,5da1138c-0333-4c89-8ac1-e75aaf5ab618,0.5423908482637122,0.0004977673256659459,336,0.0,27.027027027027028
2,0.48444444444444446,female,4.6,True,5da1138c-0333-4c89-8ac1-e75aaf5ab618,0.5482918760044186,0.0007932102350857755,442,0.0,37.735849056603776
3,0.48444444444444446,female,5.1,True,5da1138c-0333-4c89-8ac1-e75aaf5ab618,0.5516347717180321,0.0008753161550270945,521,0.0,0.0
4,0.48444444444444446,female,5.3,True,5da1138c-0333-4c89-8ac1-e75aaf5ab618,0.5536291668869611,0.001839618226159323,682,0.0,0.0
