,GF,Gender,Gt,Operative,Patient,Pt,SIt,t,t0,ut
0,0.563888888888889,male,9.8,True,ef782958-cf8c-49bc-bd89-fccf140c95cc,0.0,-0.0001562935947667849,180,0.0,0.0
1,0.563888888888889,male,9.0,True,ef782958-cf8c-49bc-bd89-fccf140c95cc,0.0,1.093279992137357e-05,210,0.0,66.66666666666667
2,0.563888888888889,male,7.9,True,ef782958-cf8c-49bc-bd89-fccf140c95cc,0.0,8.303687456367903e-05,343,0.0,60.150375939849624
3,0.563888888888889,male,6.6,True,ef782958-cf8c-49bc-bd89-fccf140c95cc,0.0,0.00013990458855799173,447,0.0,67.3076923076923
4,0.563888888888889,male,8.1,True,ef782958-cf8c-49bc-bd89-fccf140c95cc,0.0,2.6028172876264826e-05,571,0.0,24.193548387096776
5,0.563888888888889,male,8.3,True,ef782958-cf8c-49bc-bd89-fccf140c95cc,0.0,5.4728976415755414e-05,708,0.0,36.496350364963504
6,0.563888888888889,male,7.6,True,ef782958-cf8c-49bc-bd89-fccf140c95cc,0.0,9.968210383139522e-05,800,0.0,65.21739130434783
7,0.563888888888889,male,6.8,True,ef782958-cf8c-49bc-bd89-fccf140c95cc,0.0,0.00012104592023211924,935,0.0,44.44444444444444
8,0.563888888888889,male,5.6,True,ef782958-cf8c-49bc-bd89-fccf140c95cc,0.0,0.00021355939605166482,1048,0.0,44.24778761061947
