,GF,Gender,Gt,Operative,Patient,Pt,SIt,t,t0,ut
0,0.07518518518518519,female,13.7,True,3faa5c26-f0af-4c91-a4bf-dbccd0586990,0.0,2.9125015585237743e-06,102,0.0,125.0
1,0.07518518518518519,female,11.7,True,3faa5c26-f0af-4c91-a4bf-dbccd0586990,0.0,3.2860883274503865e-05,167,0.0,92.3076923076923
2,0.07518518518518519,female,12.0,True,3faa5c26-f0af-4c91-a4bf-dbccd0586990,0.0,-1.9947306547965615e-05,229,0.0,96.7741935483871
3,0.07518518518518519,female,8.5,True,3faa5c26-f0af-4c91-a4bf-dbccd0586990,0.0,0.00010908418105620376,270,0.0,146.34146341463415
4,0.07518518518518519,female,8.0,True,3faa5c26-f0af-4c91-a4bf-dbccd0586990,0.0,5.855947338260901e-05,352,0.0,30.48780487804878
5,0.07518518518518519,female,6.4,True,3faa5c26-f0af-4c91-a4bf-dbccd0586990,0.0,0.00014958500364943594,405,0.0,84.90566037735849
6,0.07518518518518519,female,7.0,True,3faa5c26-f0af-4c91-a4bf-dbccd0586990,0.0,5.5668226566332355e-05,472,0.0,46.517412935323364
7,0.07518518518518519,female,4.9,True,3faa5c26-f0af-4c91-a4bf-dbccd0586990,0.0,0.00025256667080404997,527,0.0,89.39393939393942
8,0.07518518518518519,female,10.0,True,3faa5c26-f0af-4c91-a4bf-dbccd0586990,0.0,-9.320310293971679e-05,687,0.0,0.0
