,GF,Gender,Gt,Operative,Patient,Pt,SIt,t,t0,ut
0,0.5112592592592593,female,10.0,True,07cfefb7-28bf-42cf-8104-1dbd702eaa33,0.0,5.863798228755948e-05,85,0.0,47.05882352941177
1,0.5112592592592593,female,7.0,True,07cfefb7-28bf-42cf-8104-1dbd702eaa33,0.0,0.00015404277711709825,218,0.0,52.63157894736842
2,0.5112592592592593,female,7.8,True,07cfefb7-28bf-42cf-8104-1dbd702eaa33,0.0,7.507204918238435e-05,386,0.0,17.857142857142858
3,0.5112592592592593,female,7.5,True,07cfefb7-28bf-42cf-8104-1dbd702eaa33,0.0,9.276749262569157e-05,482,0.0,72.91666666666667
4,0.5112592592592593,female,6.1,True,07cfefb7-28bf-42cf-8104-1dbd702eaa33,0.0,0.00016804244632168371,602,0.0,50.0
