,GF,Gender,Gt,Operative,Patient,Pt,SIt,t,t0,ut
0,0.6416666666666667,female,11.0,True,82ae9b31-1fa3-4fb8-9969-54a9e2835596,0.001010026017536101,-5.160150278070616e-05,71,0.0,42.25352112676056
1,0.6416666666666667,female,9.9,True,82ae9b31-1fa3-4fb8-9969-54a9e2835596,0.0033804980498373617,4.741809339968535e-05,148,0.0,64.93506493506493
2,0.6416666666666667,female,11.4,True,82ae9b31-1fa3-4fb8-9969-54a9e2835596,0.002465931601118506,-3.872370004969608e-05,257,0.0,45.87155963302752
3,0.6416666666666667,female,11.1,True,82ae9b31-1fa3-4fb8-9969-54a9e2835596,0.001132110917475751,1.8967085620804073e-07,383,0.0,35.714285714285715
4,0.6416666666666667,female,9.8,True,82ae9b31-1fa3-4fb8-9969-54a9e2835596,0.0005939172471456216,5.59675093911232e-05,436,0.0,113.20754716981132
5,0.6416666666666667,female,9.4,True,82ae9b31-1fa3-4fb8-9969-54a9e2835596,0.0003082532268105011,3.4491997285023564e-05,583,0.0,13.605442176870747
6,0.6416666666666667,female,7.5,True,82ae9b31-1fa3-4fb8-9969-54a9e2835596,0.00011868170235627185,0.00012476083524731315,708,0.0,40.0
7,0.6416666666666667,female,7.3,True,82ae9b31-1fa3-4fb8-9969-54a9e2835596,4.035946173130049e-05,0.00011491170638484954,908,0.0,30.0
