,GF,Gender,Gt,Operative,Patient,Pt,SIt,t,t0,ut
0,0.8166666666666667,male,10.0,True,05f58866-f4b7-46a4-a04e-44370ae533bc,0.06601372508318051,0.0001783683530022268,60,0.0,100.0
