,GF,Gender,Gt,Operative,Patient,Pt,SIt,t,t0,ut
0,0.5187777777777778,male,8.9,True,63b16fe3-9517-44c1-ab7e-5371bf6b931e,0.02430981622111184,2.5145832779558082e-05,60,0.0,50.0
1,0.5187777777777778,male,5.4,True,63b16fe3-9517-44c1-ab7e-5371bf6b931e,0.12649571322481695,0.00030087309232340956,165,0.0,95.23809523809524
2,0.5187777777777778,male,7.5,True,63b16fe3-9517-44c1-ab7e-5371bf6b931e,0.20709554942216155,6.0545637442697955e-05,240,0.0,0.0
3,0.5187777777777778,male,7.9,True,63b16fe3-9517-44c1-ab7e-5371bf6b931e,0.2579233526778506,0.00015792393997482259,403,0.0,36.809815950920246
