,GF,Gender,Gt,Operative,Patient,Pt,SIt,t,t0,ut
0,0.5112592592592593,male,7.5,True,04dcb016-0a39-4468-80c1-19d9cf348832,0.14869950580312322,0.0002339456674792503,166,0.0,33.33333333333334
1,0.5112592592592593,male,7.3,True,04dcb016-0a39-4468-80c1-19d9cf348832,0.34418534493993197,0.0002525049674002194,281,0.0,34.78260869565217
2,0.5112592592592593,male,5.0,True,04dcb016-0a39-4468-80c1-19d9cf348832,0.42579474604570755,0.00042918209414226,465,0.0,57.06521739130435
3,0.5112592592592593,male,6.4,True,04dcb016-0a39-4468-80c1-19d9cf348832,0.46014647706424056,0.0004193787536343955,645,0.0,16.666666666666668
4,0.5112592592592593,male,7.4,True,04dcb016-0a39-4468-80c1-19d9cf348832,0.4699601948576742,0.0002939812558385037,842,0.0,30.456852791878173
