,GF,Gender,Gt,Operative,Patient,Pt,SIt,t,t0,ut
0,0.593962962962963,male,19.0,True,d02c3b0c-5ded-48e7-ac6d-d2339ef9f390,0.015941911462801203,1.9985910876892602e-05,72,0.0,83.33333333333333
1,0.593962962962963,male,18.5,True,d02c3b0c-5ded-48e7-ac6d-d2339ef9f390,0.06300657899212088,-4.181878668747058e-05,150,0.0,76.92307692307692
2,0.593962962962963,male,19.8,True,d02c3b0c-5ded-48e7-ac6d-d2339ef9f390,0.10247275968157525,-6.253099176247958e-05,251,0.0,59.40594059405941
3,0.593962962962963,male,17.6,True,d02c3b0c-5ded-48e7-ac6d-d2339ef9f390,0.1225715959769101,-4.822993375747986e-06,303,0.0,115.38461538461539
4,0.593962962962963,male,15.9,True,d02c3b0c-5ded-48e7-ac6d-d2339ef9f390,0.1318990982740824,-5.197020098168054e-08,370,0.0,89.55223880597015
5,0.593962962962963,male,21.0,True,d02c3b0c-5ded-48e7-ac6d-d2339ef9f390,0.14094496014012176,-8.64805464654494e-05,505,0.0,61.111111111111136
6,0.593962962962963,male,24.0,True,d02c3b0c-5ded-48e7-ac6d-d2339ef9f390,0.1456822677488278,-9.926668567260579e-05,563,0.0,120.11494252873568
7,0.593962962962963,male,23.1,True,d02c3b0c-5ded-48e7-ac6d-d2339ef9f390,0.14731391299948354,-4.2667681480290415e-05,629,0.0,124.24242424242422
