,GF,Gender,Gt,Operative,Patient,Pt,SIt,t,t0,ut
0,0.563888888888889,male,8.4,True,80ba670e-d2d5-40a7-84c9-032182b023d8,0.0,0.00010139054644969808,140,0.0,57.142857142857146
1,0.563888888888889,male,10.4,True,80ba670e-d2d5-40a7-84c9-032182b023d8,0.0,-3.601505328640137e-05,256,0.0,43.10344827586207
2,0.563888888888889,male,10.5,True,80ba670e-d2d5-40a7-84c9-032182b023d8,0.0,-4.196156352751745e-06,309,0.0,84.90566037735849
