,GF,Gender,Gt,Operative,Patient,Pt,SIt,t,t0,ut
0,0.6902777777777778,male,8.8,True,39bcceb4-7d4d-40d1-b8f6-508175c4657c,0.004387833731487437,5.294485035971542e-05,208,0.0,59.880239520958085
1,0.6902777777777778,male,7.5,True,39bcceb4-7d4d-40d1-b8f6-508175c4657c,0.007704602782363273,0.00011510822135959817,318,0.0,36.36363636363637
2,0.6902777777777778,male,6.7,True,39bcceb4-7d4d-40d1-b8f6-508175c4657c,0.008959803947934337,0.00014515576277474444,501,0.0,32.78688524590164
3,0.6902777777777778,male,5.5,True,39bcceb4-7d4d-40d1-b8f6-508175c4657c,0.009490924339003092,0.0002547841001621016,657,0.0,38.46153846153846
4,0.6902777777777778,male,4.4,True,39bcceb4-7d4d-40d1-b8f6-508175c4657c,0.009654069843989628,0.0005970615160981897,864,0.0,14.492753623188406
5,0.6902777777777778,male,4.4,True,39bcceb4-7d4d-40d1-b8f6-508175c4657c,0.009705947757970092,0.0018181949852887971,1070,0.0,0.0
6,0.6902777777777778,male,4.8,True,39bcceb4-7d4d-40d1-b8f6-508175c4657c,0.009716185781410707,0.0016551776602948577,1128,0.0,0.0
