,GF,Gender,Gt,Operative,Patient,Pt,SIt,t,t0,ut
0,0.6165185185185186,male,9.4,True,0aef8ee5-0c2b-4d06-8d0f-c9add9a47f57,0.20095909595401346,5.79418984833573e-05,128,0.0,50.0
1,0.6165185185185186,male,8.3,True,0aef8ee5-0c2b-4d06-8d0f-c9add9a47f57,0.2880194369853504,0.00015423578864412517,244,0.0,51.724137931034484
2,0.6165185185185186,male,7.4,True,0aef8ee5-0c2b-4d06-8d0f-c9add9a47f57,0.2800676776655822,0.00018169670714800177,294,0.0,120.0
