,GF,Gender,Gt,Operative,Patient,Pt,SIt,t,t0,ut
0,0.563888888888889,male,7.2,True,73e1458d-37d3-42ed-a1e1-7194404e2851,0.33382545227064536,0.00032727736224482317,308,0.0,34.883720930232556
