,GF,Gender,Gt,Operative,Patient,Pt,SIt,t,t0,ut
0,0.48118518518518516,male,13.7,True,6301d835-d1d2-4048-ba65-f85b95af8835,0.810185185185185,6.765851587466686e-05,63,0.0,79.36507936507937
1,0.48118518518518516,male,13.7,True,6301d835-d1d2-4048-ba65-f85b95af8835,0.8101851851851852,7.587544252076187e-05,121,0.0,103.44827586206897
2,0.48118518518518516,male,13.6,True,6301d835-d1d2-4048-ba65-f85b95af8835,0.8101851851851851,7.365287227967898e-05,198,0.0,77.92207792207792
3,0.48118518518518516,male,12.7,True,6301d835-d1d2-4048-ba65-f85b95af8835,0.810185185185185,0.00010084898781980246,244,0.0,130.43478260869566
4,0.48118518518518516,male,12.7,True,6301d835-d1d2-4048-ba65-f85b95af8835,1.609421921921922,0.00018163750825016058,318,0.0,81.08108108108108
