,GF,Gender,Gt,Operative,Patient,Pt,SIt,t,t0,ut
0,0.6165185185185186,male,6.9,True,4ad665f3-0238-42b4-9e53-a18da0c4d105,0.3165145094189404,0.0003000255976278346,244,0.0,38.07106598984772
1,0.6165185185185186,male,7.2,True,4ad665f3-0238-42b4-9e53-a18da0c4d105,0.5414556578856629,0.00029859395204331933,454,0.0,42.857142857142854
2,0.6165185185185186,male,7.3,True,4ad665f3-0238-42b4-9e53-a18da0c4d105,0.5956710062261532,0.0002476587982491161,601,0.0,81.63265306122449
3,0.6165185185185186,male,6.4,True,4ad665f3-0238-42b4-9e53-a18da0c4d105,0.6093494554665064,0.00028292583379951745,765,0.0,82.3170731707317
4,0.6165185185185186,male,8.5,True,4ad665f3-0238-42b4-9e53-a18da0c4d105,0.614294291873101,0.00015702181019578484,941,0.0,59.65909090909091
5,0.6165185185185186,male,7.5,True,4ad665f3-0238-42b4-9e53-a18da0c4d105,0.6155915088245434,0.00023641784620626155,1002,0.0,90.1639344262295
6,0.6165185185185186,male,6.7,True,4ad665f3-0238-42b4-9e53-a18da0c4d105,0.6161100997504361,0.0002561732683577394,1197,0.0,76.92307692307692
7,0.6165185185185186,male,6.5,True,4ad665f3-0238-42b4-9e53-a18da0c4d105,0.6164089918663755,0.0002690964865663641,1379,0.0,74.17582417582418
8,0.6165185185185186,male,6.6,True,4ad665f3-0238-42b4-9e53-a18da0c4d105,0.6164870664491904,0.00027142733657690716,1556,0.0,67.79661016949153
