,GF,Gender,Gt,Operative,Patient,Pt,SIt,t,t0,ut
0,0.4511111111111112,female,9.9,True,6c8b8572-35f8-41e8-af8a-641b7be516f2,0.0,0.0001443161976118267,74,0.0,81.08108108108108
1,0.4511111111111112,female,10.5,True,6c8b8572-35f8-41e8-af8a-641b7be516f2,0.0,-6.485408622988494e-06,191,0.0,51.282051282051285
2,0.4511111111111112,female,6.6,True,6c8b8572-35f8-41e8-af8a-641b7be516f2,0.0,0.00018891587023971062,326,0.0,37.03703703703704
3,0.4511111111111112,female,4.6,True,6c8b8572-35f8-41e8-af8a-641b7be516f2,0.0,0.000339809523065606,440,0.0,35.08771929824562
4,0.4511111111111112,female,4.3,True,6c8b8572-35f8-41e8-af8a-641b7be516f2,0.0,0.0005465336903872312,547,0.0,0.0
5,0.4511111111111112,female,7.1,True,6c8b8572-35f8-41e8-af8a-641b7be516f2,0.0,6.328823511177832e-05,672,0.0,0.0
6,0.4511111111111112,female,8.3,True,6c8b8572-35f8-41e8-af8a-641b7be516f2,0.0,3.113075601479096e-05,773,0.0,39.603960396039604
7,0.4511111111111112,female,3.7,True,6c8b8572-35f8-41e8-af8a-641b7be516f2,0.0,0.000833587805560934,1050,0.0,25.270758122743683
