,GF,Gender,Gt,Operative,Patient,Pt,SIt,t,t0,ut
0,0.390962962962963,female,21.9,True,e0b840bf-fd5a-4e64-978b-17bb3bfb7a4d,0.0,-5.18977552841811e-05,117,0.0,103.44827586206897
1,0.390962962962963,female,21.0,True,e0b840bf-fd5a-4e64-978b-17bb3bfb7a4d,0.0,-4.69907841222442e-05,178,0.0,98.36065573770492
2,0.390962962962963,female,19.5,True,e0b840bf-fd5a-4e64-978b-17bb3bfb7a4d,0.0,-3.22922861860692e-05,241,0.0,95.23809523809524
3,0.390962962962963,female,18.3,True,e0b840bf-fd5a-4e64-978b-17bb3bfb7a4d,0.0,-2.7706204294466573e-05,295,0.0,127.77777777777784
4,0.390962962962963,female,17.5,True,e0b840bf-fd5a-4e64-978b-17bb3bfb7a4d,0.0,-3.118148160913838e-05,354,0.0,134.74576271186436
5,0.390962962962963,female,15.6,True,e0b840bf-fd5a-4e64-978b-17bb3bfb7a4d,0.0,-3.348800401928845e-06,413,0.0,135.02824858757057
6,0.390962962962963,female,13.0,True,e0b840bf-fd5a-4e64-978b-17bb3bfb7a4d,0.0,2.4425710284255675e-05,480,0.0,139.30348258706465
