,GF,Gender,Gt,Operative,Patient,Pt,SIt,t,t0,ut
0,0.5338148148148149,male,6.7,True,b459879e-c515-4ec3-88a8-88de2e6af17d,0.0,0.00021041384095055112,188,0.0,13.333333333333334
1,0.5338148148148149,male,8.0,True,b459879e-c515-4ec3-88a8-88de2e6af17d,0.0,3.345857575421613e-05,299,0.0,45.04504504504504
2,0.5338148148148149,male,7.9,True,b459879e-c515-4ec3-88a8-88de2e6af17d,0.0,7.562866889088469e-05,386,0.0,57.47126436781609
3,0.5338148148148149,male,7.9,True,b459879e-c515-4ec3-88a8-88de2e6af17d,0.0,6.896251848699393e-05,540,0.0,38.96103896103896
4,0.5338148148148149,male,8.3,True,b459879e-c515-4ec3-88a8-88de2e6af17d,0.0,4.527581339884171e-05,668,0.0,46.875
5,0.5338148148148149,male,6.9,True,b459879e-c515-4ec3-88a8-88de2e6af17d,0.0,0.00015121948447235355,780,0.0,35.714285714285715
