,GF,Gender,Gt,Operative,Patient,Pt,SIt,t,t0,ut
0,0.46614814814814814,male,14.3,True,4fad3893-95d2-49d7-8a60-953c72fd9267,0.11935522937029765,-2.567272760586458e-05,104,0.0,98.36065573770492
1,0.46614814814814814,male,13.7,True,4fad3893-95d2-49d7-8a60-953c72fd9267,0.22442216380045713,1.0577787834071343e-05,160,0.0,107.14285714285714
2,0.46614814814814814,male,12.5,True,4fad3893-95d2-49d7-8a60-953c72fd9267,0.30478782598386844,4.2845056743580775e-05,233,0.0,82.1917808219178
3,0.46614814814814814,male,13.8,True,4fad3893-95d2-49d7-8a60-953c72fd9267,0.3596480325935007,-1.2894649426514712e-05,295,0.0,96.7741935483871
4,0.46614814814814814,male,12.4,True,4fad3893-95d2-49d7-8a60-953c72fd9267,0.38882384660951824,5.222536027862732e-05,343,0.0,125.0
5,0.46614814814814814,male,10.9,True,4fad3893-95d2-49d7-8a60-953c72fd9267,0.4171152873309184,8.054768762865272e-05,479,0.0,44.11764705882353
6,0.46614814814814814,male,8.3,True,4fad3893-95d2-49d7-8a60-953c72fd9267,0.4350086979071908,0.00017914442520602247,551,0.0,100.00000000000004
7,0.46614814814814814,male,6.9,True,4fad3893-95d2-49d7-8a60-953c72fd9267,0.44352228398975657,0.00020311583327157367,707,0.0,93.58974358974362
