,GF,Gender,Gt,Operative,Patient,Pt,SIt,t,t0,ut
0,0.624037037037037,male,8.4,True,e6ae372b-cc3e-432e-9288-d376f0a41e72,0.0560917344686193,7.01394387511986e-05,61,0.0,32.78688524590164
1,0.624037037037037,male,8.2,True,e6ae372b-cc3e-432e-9288-d376f0a41e72,0.2165643564234233,0.00013961605927642664,111,0.0,80.0
