,GF,Gender,Gt,Operative,Patient,Pt,SIt,t,t0,ut
0,0.25562962962962965,female,9.9,True,e2a080e9-e14b-4d50-904c-acaacb4c1f48,0.0,0.00013522906889282962,69,0.0,86.95652173913044
