,GF,Gender,Gt,Operative,Patient,Pt,SIt,t,t0,ut
0,0.4511111111111112,female,26.0,True,371d2165-1d32-43d4-8cd3-0d525d4105c8,0.0,-9.395154612986987e-05,100,0.0,60.0
1,0.4511111111111112,female,25.6,True,371d2165-1d32-43d4-8cd3-0d525d4105c8,0.0,-7.315704313197864e-05,150,0.0,120.0
2,0.4511111111111112,female,26.0,True,371d2165-1d32-43d4-8cd3-0d525d4105c8,0.0,-7.586092464056777e-05,200,0.0,120.0
3,0.4511111111111112,female,23.3,True,371d2165-1d32-43d4-8cd3-0d525d4105c8,0.0,-3.9460348688349893e-05,282,0.0,73.17073170731707
4,0.4511111111111112,female,20.4,True,371d2165-1d32-43d4-8cd3-0d525d4105c8,0.0,-1.638428003662915e-05,342,0.0,100.0
5,0.4511111111111112,female,16.7,True,371d2165-1d32-43d4-8cd3-0d525d4105c8,0.0,5.698635263200147e-06,416,0.0,81.08108108108108
