,GF,Gender,Gt,Operative,Patient,Pt,SIt,t,t0,ut
0,0.5262962962962964,male,12.0,True,6485b51a-83ae-4f0e-9a4e-6fadeb1fb9ae,0.0,1.955183063073567e-05,67,0.0,74.6268656716418
1,0.5262962962962964,male,8.9,True,6485b51a-83ae-4f0e-9a4e-6fadeb1fb9ae,0.0,0.00011743116820890714,132,0.0,92.3076923076923
2,0.5262962962962964,male,8.9,True,6485b51a-83ae-4f0e-9a4e-6fadeb1fb9ae,0.0,3.4645945427386136e-05,243,0.0,36.03603603603604
3,0.5262962962962964,male,8.7,True,6485b51a-83ae-4f0e-9a4e-6fadeb1fb9ae,0.0,5.0078423121381584e-05,363,0.0,25.0
4,0.5262962962962964,male,6.9,True,6485b51a-83ae-4f0e-9a4e-6fadeb1fb9ae,0.0,0.00015514094125519174,513,0.0,33.333333333333336
5,0.5262962962962964,male,6.4,True,6485b51a-83ae-4f0e-9a4e-6fadeb1fb9ae,0.0,0.00015032586852946507,606,0.0,64.51612903225806
6,0.5262962962962964,male,5.7,True,6485b51a-83ae-4f0e-9a4e-6fadeb1fb9ae,0.0,0.0002003503369455122,727,0.0,33.05785123966942
7,0.5262962962962964,male,6.4,True,6485b51a-83ae-4f0e-9a4e-6fadeb1fb9ae,0.0,0.0002142497275334265,928,0.0,14.925373134328359
8,0.5262962962962964,male,5.1,True,6485b51a-83ae-4f0e-9a4e-6fadeb1fb9ae,0.0,0.0003378964881499681,1029,0.0,49.504950495049506
