,GF,Gender,Gt,Operative,Patient,Pt,SIt,t,t0,ut
0,0.49622222222222234,female,9.5,True,200d8fce-9efa-4967-8d8d-ef44c61aaf1b,0.0,6.320005164018985e-05,108,0.0,59.25925925925926
1,0.49622222222222234,female,8.7,True,200d8fce-9efa-4967-8d8d-ef44c61aaf1b,0.0,7.758818732729482e-05,159,0.0,105.88235294117646
