,GF,Gender,Gt,Operative,Patient,Pt,SIt,t,t0,ut
0,0.5444444444444445,male,5.3,True,68fd7b44-650c-4346-b25a-656735646e6a,0.0658718242431758,0.0006663086065471673,78,0.0,33.33333333333334
1,0.5444444444444445,male,10.3,True,68fd7b44-650c-4346-b25a-656735646e6a,0.27831595927092556,-5.9520447515312276e-05,194,0.0,0.0
