,GF,Gender,Gt,Operative,Patient,Pt,SIt,t,t0,ut
0,0.5541666666666667,male,9.3,True,c24ccbd7-578d-4f55-b93c-c83b278be4bf,0.15474074315814662,8.677813334306038e-05,114,0.0,81.08108108108108
1,0.5541666666666667,male,6.2,True,c24ccbd7-578d-4f55-b93c-c83b278be4bf,0.36777978019502483,0.0002462534273238421,281,0.0,107.78443113772455
