,GF,Gender,Gt,Operative,Patient,Pt,SIt,t,t0,ut
0,0.4511111111111112,female,6.8,True,05d4293f-cae3-4110-b260-d404af4d1ca4,0.0,0.0002937501164416667,60,0.0,66.66666666666667
