,GF,Gender,Gt,Operative,Patient,Pt,SIt,t,t0,ut
0,0.624037037037037,male,4.3,True,9bad4047-7ff9-44ce-a089-fa2309d4b8ef,0.04558090541457568,0.0006822287691519414,60,0.0,50.0
1,0.624037037037037,male,8.5,True,9bad4047-7ff9-44ce-a089-fa2309d4b8ef,0.2381471550355884,2.685764447110448e-05,166,0.0,0.0
2,0.624037037037037,male,7.2,True,9bad4047-7ff9-44ce-a089-fa2309d4b8ef,0.3669146378573403,0.0003974426901315849,232,0.0,30.303030303030305
