,GF,Gender,Gt,Operative,Patient,Pt,SIt,t,t0,ut
0,0.7593703703703705,male,7.9,True,e36dfca9-3961-4c81-b5ca-01bdc745e9a8,0.030387270276383428,0.00023823039127156815,60,0.0,83.33333333333333
1,0.7593703703703705,male,5.9,True,e36dfca9-3961-4c81-b5ca-01bdc745e9a8,0.2731914063949281,0.0003427251366621886,240,0.0,41.666666666666664
2,0.7593703703703705,male,7.8,True,e36dfca9-3961-4c81-b5ca-01bdc745e9a8,0.555206426193578,0.00028393524457729936,420,0.0,33.333333333333336
3,0.7593703703703705,male,6.2,True,e36dfca9-3961-4c81-b5ca-01bdc745e9a8,0.6545632110544174,0.0004130486879284415,480,0.0,83.33333333333333
