,GF,Gender,Gt,Operative,Patient,Pt,SIt,t,t0,ut
0,0.49622222222222234,female,9.7,True,f0eedc68-ec3f-4729-98bb-dbd09dff3866,0.019818219792689475,4.307998188041597e-05,84,0.0,35.714285714285715
1,0.49622222222222234,female,8.3,True,f0eedc68-ec3f-4729-98bb-dbd09dff3866,0.06396216769933329,0.0001271484039411454,140,0.0,89.28571428571429
2,0.49622222222222234,female,7.5,True,f0eedc68-ec3f-4729-98bb-dbd09dff3866,0.10005116653203203,0.00011611941651949114,208,0.0,88.23529411764706
3,0.49622222222222234,female,7.8,True,f0eedc68-ec3f-4729-98bb-dbd09dff3866,0.1993550638344863,0.00011831194045825045,394,0.0,56.45161290322581
