,GF,Gender,Gt,Operative,Patient,Pt,SIt,t,t0,ut
0,0.4135185185185185,female,8.5,True,e3747434-b3ff-4ca3-bcad-2fc5b243c6a2,0.2314814814814814,0.00010854688597093934,153,0.0,100.84033613445378
1,0.4135185185185185,female,8.7,True,e3747434-b3ff-4ca3-bcad-2fc5b243c6a2,0.2314814814814814,7.214508490045721e-05,280,0.0,94.48818897637796
2,0.4135185185185185,female,7.7,True,e3747434-b3ff-4ca3-bcad-2fc5b243c6a2,0.23148148148148143,0.0001223087547685769,369,0.0,123.59550561797752
3,0.4135185185185185,female,7.7,True,e3747434-b3ff-4ca3-bcad-2fc5b243c6a2,0.23148148148148145,0.0001085743560262203,510,0.0,59.21985815602836
4,0.4135185185185185,female,6.8,True,e3747434-b3ff-4ca3-bcad-2fc5b243c6a2,0.23148148148148143,0.00015105543873275486,634,0.0,97.31182795698929
5,0.4135185185185185,female,6.7,True,e3747434-b3ff-4ca3-bcad-2fc5b243c6a2,0.2314814814814814,0.0001532900797620022,751,0.0,67.94871794871793
6,0.4135185185185185,female,4.9,True,e3747434-b3ff-4ca3-bcad-2fc5b243c6a2,0.23148148148148143,0.0003358167286698406,936,0.0,54.50450450450449
