,GF,Gender,Gt,Operative,Patient,Pt,SIt,t,t0,ut
0,0.5112592592592593,female,8.1,True,7b5c877c-8d85-4895-aea1-613a75603c4b,0.0,0.0001389834737241182,183,0.0,21.85792349726776
1,0.5112592592592593,female,10.4,True,7b5c877c-8d85-4895-aea1-613a75603c4b,0.0,-2.08744333049432e-05,415,0.0,38.793103448275865
