,GF,Gender,Gt,Operative,Patient,Pt,SIt,t,t0,ut
0,0.5347222222222222,female,11.3,True,4dc250d5-93c6-4ffd-be1d-a617eac1f7cc,0.05668998688280274,3.3814115022770725e-05,72,0.0,69.44444444444444
1,0.5347222222222222,female,8.6,True,4dc250d5-93c6-4ffd-be1d-a617eac1f7cc,0.22021461806709725,0.00015495225090575717,146,0.0,81.08108108108108
2,0.5347222222222222,female,6.7,True,4dc250d5-93c6-4ffd-be1d-a617eac1f7cc,0.40400267986144545,0.0002168007822755963,349,0.0,88.66995073891626
3,0.5347222222222222,female,6.2,True,4dc250d5-93c6-4ffd-be1d-a617eac1f7cc,0.5018984154343199,0.00027519535974979077,543,0.0,61.855670103092784
4,0.5347222222222222,female,6.9,True,4dc250d5-93c6-4ffd-be1d-a617eac1f7cc,0.5251045258484348,0.00024375201310157627,695,0.0,66.00877192982455
5,0.5347222222222222,female,5.6,True,4dc250d5-93c6-4ffd-be1d-a617eac1f7cc,0.5316056838730286,0.0003380680484004676,873,0.0,75.65543071161048
6,0.5347222222222222,female,8.4,True,4dc250d5-93c6-4ffd-be1d-a617eac1f7cc,0.5338699286292452,0.00017379411140979424,1074,0.0,39.054726368159216
7,0.5347222222222222,female,9.6,True,4dc250d5-93c6-4ffd-be1d-a617eac1f7cc,0.5345236235826996,0.00013613980337537173,1299,0.0,46.666666666666664
8,0.5347222222222222,female,8.6,True,4dc250d5-93c6-4ffd-be1d-a617eac1f7cc,0.5346712557817735,0.00016692646938068554,1451,0.0,72.36842105263158
