,GF,Gender,Gt,Operative,Patient,Pt,SIt,t,t0,ut
0,0.5037407407407407,male,11.4,True,cc3b0579-37f6-46a2-9372-f17839e5b337,0.0,5.3205956190087514e-05,118,0.0,84.50704225352112
1,0.5037407407407407,male,10.2,True,cc3b0579-37f6-46a2-9372-f17839e5b337,0.0,5.326225747841454e-05,167,0.0,122.44897959183673
2,0.5037407407407407,male,9.3,True,cc3b0579-37f6-46a2-9372-f17839e5b337,0.0,4.253275125749512e-05,237,0.0,85.71428571428571
