,GF,Gender,Gt,Operative,Patient,Pt,SIt,t,t0,ut
0,0.015037037037037036,male,9.4,True,247793e6-51ef-43db-b325-da6f832d5280,0.0,5.9623877173910196e-05,110,0.0,100.0
1,0.015037037037037036,male,8.6,True,247793e6-51ef-43db-b325-da6f832d5280,0.0,6.180289131646135e-05,235,0.0,24.0
2,0.015037037037037036,male,7.8,True,247793e6-51ef-43db-b325-da6f832d5280,0.0,8.405247482884677e-05,362,0.0,47.24409448818898
3,0.015037037037037036,male,8.1,True,247793e6-51ef-43db-b325-da6f832d5280,0.0,4.9402080377152924e-05,491,0.0,54.263565891472865
4,0.015037037037037036,male,8.8,True,247793e6-51ef-43db-b325-da6f832d5280,0.0,2.641943240650825e-05,615,0.0,32.25806451612903
5,0.015037037037037036,male,8.3,True,247793e6-51ef-43db-b325-da6f832d5280,0.0,6.762379472293338e-05,732,0.0,42.73504273504273
6,0.015037037037037036,male,6.9,True,247793e6-51ef-43db-b325-da6f832d5280,0.0,0.0001331507643299367,853,0.0,49.586776859504134
7,0.015037037037037036,male,7.0,True,247793e6-51ef-43db-b325-da6f832d5280,0.0,9.633468594059194e-05,940,0.0,57.47126436781609
8,0.015037037037037036,male,6.0,True,247793e6-51ef-43db-b325-da6f832d5280,0.0,0.00018645913165754534,1093,0.0,32.6797385620915
