,GF,Gender,Gt,Operative,Patient,Pt,SIt,t,t0,ut
0,0.4135185185185185,female,8.4,True,0a9a9854-a740-4c80-92ed-ff5cfe2031c0,0.0,5.9526023959638844e-05,174,0.0,75.63025210084034
1,0.4135185185185185,female,7.7,True,0a9a9854-a740-4c80-92ed-ff5cfe2031c0,0.0,9.166732774949623e-05,305,0.0,22.900763358778626
2,0.4135185185185185,female,7.4,True,0a9a9854-a740-4c80-92ed-ff5cfe2031c0,0.0,8.545508588411185e-05,426,0.0,57.85123966942149
3,0.4135185185185185,female,6.5,True,0a9a9854-a740-4c80-92ed-ff5cfe2031c0,0.0,0.00013730485814239304,547,0.0,49.586776859504134
