,GF,Gender,Gt,Operative,Patient,Pt,SIt,t,t0,ut
0,0.37592592592592594,female,9.0,True,f8b73aac-3990-46ad-9425-9305f21cc8d4,0.7342948185454957,0.000288403298128096,98,0.0,44.11764705882353
