,GF,Gender,Gt,Operative,Patient,Pt,SIt,t,t0,ut
0,0.8458333333333333,male,5.2,True,58fd9973-c44d-4674-8cd8-c13e4f2cc9aa,0.36036126148692726,0.00043036915084832726,190,0.0,60.60606060606061
1,0.8458333333333333,male,5.8,True,58fd9973-c44d-4674-8cd8-c13e4f2cc9aa,0.5942958619019733,0.0004486983368670105,286,0.0,31.25
2,0.8458333333333333,male,6.8,True,58fd9973-c44d-4674-8cd8-c13e4f2cc9aa,0.7160234323570385,0.00048070249096761905,497,0.0,28.436018957345972
3,0.8458333333333333,male,12.2,True,58fd9973-c44d-4674-8cd8-c13e4f2cc9aa,0.6405529452486731,-4.126383020214782e-05,591,0.0,42.5531914893617
4,0.8458333333333333,male,8.2,True,58fd9973-c44d-4674-8cd8-c13e4f2cc9aa,0.40047506722279913,0.00027663947482475847,652,0.0,65.57377049180327
5,0.8458333333333333,male,7.0,True,58fd9973-c44d-4674-8cd8-c13e4f2cc9aa,0.22527520028898465,0.0002032268725256868,764,0.0,26.785714285714285
6,0.8458333333333333,male,6.6,True,58fd9973-c44d-4674-8cd8-c13e4f2cc9aa,0.10219675299011968,0.00016676900898531663,881,0.0,42.73504273504273
7,0.8458333333333333,male,6.5,True,58fd9973-c44d-4674-8cd8-c13e4f2cc9aa,0.04382525414252002,0.00014868906021401387,1010,0.0,38.75968992248062
