,GF,Gender,Gt,Operative,Patient,Pt,SIt,t,t0,ut
0,0.4511111111111112,female,6.3,True,fe865244-18c7-42bb-9edb-a25902907940,0.0,0.0002901147527590249,201,0.0,29.850746268656717
1,0.4511111111111112,female,3.3,True,fe865244-18c7-42bb-9edb-a25902907940,0.0,0.0013065535538722146,440,0.0,12.552301255230125
