,GF,Gender,Gt,Operative,Patient,Pt,SIt,t,t0,ut
0,0.39848148148148144,female,10.5,True,d0a4a1b9-47f4-4436-8521-3f5949e35417,0.0,2.1384177572415967e-05,81,0.0,49.382716049382715
1,0.39848148148148144,female,9.2,True,d0a4a1b9-47f4-4436-8521-3f5949e35417,0.0,7.213538793687865e-05,141,0.0,100.0
2,0.39848148148148144,female,8.7,True,d0a4a1b9-47f4-4436-8521-3f5949e35417,0.0,5.1595934682600086e-05,261,0.0,33.333333333333336
3,0.39848148148148144,female,8.0,True,d0a4a1b9-47f4-4436-8521-3f5949e35417,0.0,8.272277957501439e-05,378,0.0,34.18803418803419
4,0.39848148148148144,female,8.1,True,d0a4a1b9-47f4-4436-8521-3f5949e35417,0.0,5.480356540457042e-05,510,0.0,53.03030303030303
5,0.39848148148148144,female,7.9,True,d0a4a1b9-47f4-4436-8521-3f5949e35417,0.0,7.486879150246326e-05,608,0.0,40.816326530612244
6,0.39848148148148144,female,7.9,True,d0a4a1b9-47f4-4436-8521-3f5949e35417,0.0,6.383964146941228e-05,730,0.0,49.18032786885246
7,0.39848148148148144,female,7.8,True,d0a4a1b9-47f4-4436-8521-3f5949e35417,0.0,7.23382464291227e-05,833,0.0,48.54368932038835
