,GF,Gender,Gt,Operative,Patient,Pt,SIt,t,t0,ut
0,0.624037037037037,male,13.7,True,cb81084a-f672-4ec9-8cf8-168ebabbe341,0.0,-1.375809907157463e-05,72,0.0,83.33333333333333
1,0.624037037037037,male,12.3,True,cb81084a-f672-4ec9-8cf8-168ebabbe341,0.0,1.995671803747952e-05,124,0.0,115.38461538461539
2,0.624037037037037,male,10.4,True,cb81084a-f672-4ec9-8cf8-168ebabbe341,0.0,4.074800434630534e-05,211,0.0,68.96551724137932
3,0.624037037037037,male,8.9,True,cb81084a-f672-4ec9-8cf8-168ebabbe341,0.0,8.335019593344103e-05,249,0.0,157.89473684210526
4,0.624037037037037,male,8.6,True,cb81084a-f672-4ec9-8cf8-168ebabbe341,0.0,4.8524613021990956e-05,304,0.0,109.0909090909091
5,0.624037037037037,male,8.0,True,cb81084a-f672-4ec9-8cf8-168ebabbe341,0.0,6.376408507785573e-05,348,0.0,136.36363636363637
6,0.624037037037037,male,8.6,True,cb81084a-f672-4ec9-8cf8-168ebabbe341,0.0,1.740447588247587e-05,429,0.0,90.74074074074079
