,GF,Gender,Gt,Operative,Patient,Pt,SIt,t,t0,ut
0,0.390962962962963,female,6.0,True,d71dff81-f7b5-4667-bc4d-77f719174ca5,0.5196478885463052,0.0008569678883916059,127,0.0,15.748031496062993
1,0.390962962962963,female,8.4,True,d71dff81-f7b5-4667-bc4d-77f719174ca5,0.5964167253212153,0.0005851844896592716,347,0.0,0.0
2,0.390962962962963,female,8.3,True,d71dff81-f7b5-4667-bc4d-77f719174ca5,0.6288606035840998,0.00041969493869929237,621,0.0,16.423357664233578
3,0.390962962962963,female,7.4,True,d71dff81-f7b5-4667-bc4d-77f719174ca5,0.6349109128527751,0.000340503030217552,774,0.0,49.01960784313726
4,0.390962962962963,female,5.4,True,d71dff81-f7b5-4667-bc4d-77f719174ca5,0.6359976766240354,0.00045499157881237576,969,0.0,53.84615384615385
5,0.390962962962963,female,6.3,True,d71dff81-f7b5-4667-bc4d-77f719174ca5,0.6363403196367801,0.0004495081279572494,1121,0.0,29.605263157894736
6,0.390962962962963,female,5.3,True,d71dff81-f7b5-4667-bc4d-77f719174ca5,0.6364398727096412,0.0006937518517675815,1334,0.0,28.169014084507044
