,GF,Gender,Gt,Operative,Patient,Pt,SIt,t,t0,ut
0,0.5037407407407407,male,6.6,True,b94639ad-221c-4977-99e6-5648b4b049eb,0.14040911125374086,0.0002764781193621573,108,0.0,76.92307692307692
1,0.5037407407407407,male,5.1,True,b94639ad-221c-4977-99e6-5648b4b049eb,0.28839928442264245,0.0005182885338425583,265,0.0,28.662420382165607
