,GF,Gender,Gt,Operative,Patient,Pt,SIt,t,t0,ut
0,0.6917037037037037,male,9.5,True,ed793d72-0c4a-49d3-8ad0-70558a89b640,0.30740740740740735,-1.3308091975184227e-05,70,0.0,28.571428571428573
1,0.6917037037037037,male,6.7,True,ed793d72-0c4a-49d3-8ad0-70558a89b640,0.3074074074074074,0.00036836184451981285,129,0.0,67.79661016949153
2,0.6917037037037037,male,5.6,True,ed793d72-0c4a-49d3-8ad0-70558a89b640,0.2796714007240323,0.0003342727574423939,262,0.0,37.59398496240601
3,0.6917037037037037,male,7.3,True,ed793d72-0c4a-49d3-8ad0-70558a89b640,0.0,8.519316110372848e-05,387,0.0,0.0
