,GF,Gender,Gt,Operative,Patient,Pt,SIt,t,t0,ut
0,0.563888888888889,male,10.2,True,b6f02893-a8e3-4739-9fab-80a86ee5242a,0.0,8.04123630831698e-05,60,0.0,83.33333333333333
1,0.563888888888889,male,15.4,True,b6f02893-a8e3-4739-9fab-80a86ee5242a,0.0,-0.00019015958552917652,120,0.0,100.0
2,0.563888888888889,male,10.1,True,b6f02893-a8e3-4739-9fab-80a86ee5242a,0.0,0.00013322501401302194,180,0.0,100.0
3,0.563888888888889,male,11.4,True,b6f02893-a8e3-4739-9fab-80a86ee5242a,0.0,-4.305706150264508e-05,240,0.0,100.0
