,GF,Gender,Gt,Operative,Patient,Pt,SIt,t,t0,ut
0,0.836111111111111,male,11.1,True,d82150b0-2e99-40c7-8bbd-36e2261349ae,0.0675854804423054,4.7618310175159534e-05,60,0.0,83.33333333333333
1,0.836111111111111,male,10.0,True,d82150b0-2e99-40c7-8bbd-36e2261349ae,0.2812187227399944,9.544704616078886e-05,120,0.0,100.0
2,0.836111111111111,male,9.0,True,d82150b0-2e99-40c7-8bbd-36e2261349ae,0.46403684260424477,0.0001420014167295916,180,0.0,100.0
