,GF,Gender,Gt,Operative,Patient,Pt,SIt,t,t0,ut
0,0.5488518518518518,female,9.4,True,8639fae9-fe24-4d19-9a0b-ecf5fa1b5b5e,0.14932263759701045,0.0001326072278785838,97,0.0,45.45454545454545
1,0.5488518518518518,female,9.4,True,8639fae9-fe24-4d19-9a0b-ecf5fa1b5b5e,0.2606284206125233,9.737427140397292e-05,154,0.0,70.17543859649123
2,0.5488518518518518,female,8.5,True,8639fae9-fe24-4d19-9a0b-ecf5fa1b5b5e,0.3638885271470376,0.00014837381502649682,228,0.0,81.08108108108108
