,GF,Gender,Gt,Operative,Patient,Pt,SIt,t,t0,ut
0,0.624037037037037,male,9.9,True,095df52e-d1f5-4c26-ae4f-ecd773f21351,0.07955270502377802,0.00010128029759062626,82,0.0,48.78048780487805
1,0.624037037037037,male,7.5,True,095df52e-d1f5-4c26-ae4f-ecd773f21351,0.2514616646808858,0.00021065704000248448,144,0.0,96.7741935483871
