,GF,Gender,Gt,Operative,Patient,Pt,SIt,t,t0,ut
0,0.5112592592592593,male,10.8,True,60e7499d-869a-4cef-a029-87bb9db21959,0.0,3.7047759078712945e-05,101,0.0,117.6470588235294
1,0.5112592592592593,male,9.8,True,60e7499d-869a-4cef-a029-87bb9db21959,0.0,3.951971511863239e-05,167,0.0,90.9090909090909
2,0.5112592592592593,male,9.4,True,60e7499d-869a-4cef-a029-87bb9db21959,0.0,3.0686586078212156e-05,229,0.0,96.7741935483871
3,0.5112592592592593,male,7.6,True,60e7499d-869a-4cef-a029-87bb9db21959,0.0,0.00010952480193858551,287,0.0,103.44827586206897
4,0.5112592592592593,male,6.3,True,60e7499d-869a-4cef-a029-87bb9db21959,0.0,0.00014949953258749577,334,0.0,127.65957446808511
5,0.5112592592592593,male,6.4,True,60e7499d-869a-4cef-a029-87bb9db21959,0.0,9.462027611115937e-05,407,0.0,0.0
6,0.5112592592592593,male,6.2,True,60e7499d-869a-4cef-a029-87bb9db21959,0.0,0.00017913914296698402,597,0.0,16.666666666666668
