,GF,Gender,Gt,Operative,Patient,Pt,SIt,t,t0,ut
0,0.6014814814814815,male,9.9,True,3b16b03b-5776-4274-97fc-a827b35a4d9c,0.0,3.788709962730436e-05,103,0.0,120.0
1,0.6014814814814815,male,10.2,True,3b16b03b-5776-4274-97fc-a827b35a4d9c,0.0,4.823231965129866e-06,235,0.0,15.151515151515152
2,0.6014814814814815,male,10.6,True,3b16b03b-5776-4274-97fc-a827b35a4d9c,0.0,-1.291377350197652e-05,286,0.0,58.8235294117647
3,0.6014814814814815,male,9.2,True,3b16b03b-5776-4274-97fc-a827b35a4d9c,0.0,6.972479653062932e-05,338,0.0,96.15384615384616
4,0.6014814814814815,male,8.1,True,3b16b03b-5776-4274-97fc-a827b35a4d9c,0.0,8.906856769053748e-05,392,0.0,111.11111111111111
5,0.6014814814814815,male,9.0,True,3b16b03b-5776-4274-97fc-a827b35a4d9c,0.0,1.2971229730413297e-05,504,0.0,17.857142857142858
6,0.6014814814814815,male,8.4,True,3b16b03b-5776-4274-97fc-a827b35a4d9c,0.0,6.331193152241857e-05,644,0.0,35.714285714285715
7,0.6014814814814815,male,7.8,True,3b16b03b-5776-4274-97fc-a827b35a4d9c,0.0,8.095775756068057e-05,765,0.0,49.586776859504134
8,0.6014814814814815,male,7.1,True,3b16b03b-5776-4274-97fc-a827b35a4d9c,0.0,0.00010979040180339874,871,0.0,56.60377358490566
