,GF,Gender,Gt,Operative,Patient,Pt,SIt,t,t0,ut
0,0.5488518518518518,female,11.0,True,d415ca05-346f-4358-9a13-f5086e0a3d13,0.012775988485634927,-0.00023561674692113932,62,0.0,32.25806451612903
1,0.5488518518518518,female,7.8,True,d415ca05-346f-4358-9a13-f5086e0a3d13,0.08091164741105894,0.00022581900223762075,127,0.0,61.53846153846154
