,GF,Gender,Gt,Operative,Patient,Pt,SIt,t,t0,ut
0,0.6917037037037037,male,9.5,True,9f7358c2-4afc-494e-9cdc-cae60ffbad16,0.0,9.640495349054097e-05,73,0.0,54.794520547945204
1,0.6917037037037037,male,8.5,True,9f7358c2-4afc-494e-9cdc-cae60ffbad16,0.0,8.908802595680022e-05,126,0.0,113.20754716981132
2,0.6917037037037037,male,8.2,True,9f7358c2-4afc-494e-9cdc-cae60ffbad16,0.0,5.949564473457413e-05,262,0.0,36.76470588235294
3,0.6917037037037037,male,9.6,True,9f7358c2-4afc-494e-9cdc-cae60ffbad16,0.0,-7.22475703176867e-06,385,0.0,40.65040650406504
4,0.6917037037037037,male,11.4,True,9f7358c2-4afc-494e-9cdc-cae60ffbad16,0.0,-5.038466386223145e-05,480,0.0,47.36842105263158
5,0.6917037037037037,male,10.3,True,9f7358c2-4afc-494e-9cdc-cae60ffbad16,0.0,2.3455767625893055e-05,517,0.0,162.16216216216216
6,0.6917037037037037,male,6.8,True,9f7358c2-4afc-494e-9cdc-cae60ffbad16,0.0,0.00016278139086712274,602,0.0,70.58823529411765
