,GF,Gender,Gt,Operative,Patient,Pt,SIt,t,t0,ut
0,0.9722222222222223,female,8.1,True,e5aa39d4-200b-4fc0-b520-561a796ba61b,0.9259259259259258,0.0003426538068174787,99,0.0,87.71929824561404
1,0.9722222222222223,female,6.7,True,e5aa39d4-200b-4fc0-b520-561a796ba61b,0.9259259259259257,0.00034106010760551013,231,0.0,90.9090909090909
2,0.9722222222222223,female,5.7,True,e5aa39d4-200b-4fc0-b520-561a796ba61b,0.9259259259259257,0.00044997212952573484,363,0.0,60.60606060606061
3,0.9722222222222223,female,3.9,True,e5aa39d4-200b-4fc0-b520-561a796ba61b,0.9259259259259257,0.0007544030254592634,453,0.0,77.77777777777777
4,0.9722222222222223,female,7.4,True,e5aa39d4-200b-4fc0-b520-561a796ba61b,0.9259259259259256,0.00026037404433123656,523,0.0,0.0
5,0.9722222222222223,female,8.5,True,e5aa39d4-200b-4fc0-b520-561a796ba61b,0.9259259259259258,0.00028898424539071843,587,0.0,31.25
