,GF,Gender,Gt,Operative,Patient,Pt,SIt,t,t0,ut
0,0.49622222222222234,female,10.3,True,7898c7fc-f0dd-4894-8423-63267a546e78,0.5178278907348745,0.00018166751264284088,65,0.0,61.53846153846154
