,GF,Gender,Gt,Operative,Patient,Pt,SIt,t,t0,ut
0,0.5037407407407407,male,6.1,True,f601a90e-6ffd-4026-9c7d-d0a3c4c09414,0.1245442631279186,0.0005654974344468213,139,0.0,14.388489208633093
