,GF,Gender,Gt,Operative,Patient,Pt,SIt,t,t0,ut
0,0.6165185185185186,male,9.7,True,2182a3b3-4860-422c-bd27-c568a9219ae2,0.0,7.627213173577157e-05,63,0.0,63.492063492063494
1,0.6165185185185186,male,8.8,True,2182a3b3-4860-422c-bd27-c568a9219ae2,0.0,6.093487940498094e-05,141,0.0,76.92307692307692
2,0.6165185185185186,male,10.0,True,2182a3b3-4860-422c-bd27-c568a9219ae2,0.0,-1.6686263629738325e-05,237,0.0,41.666666666666664
