,GF,Gender,Gt,Operative,Patient,Pt,SIt,t,t0,ut
0,0.48118518518518516,male,8.0,True,b3e391ad-9544-49c0-a1a4-20195bea0d4d,0.1845894313746358,0.00011932588990874286,168,0.0,68.96551724137932
