,GF,Gender,Gt,Operative,Patient,Pt,SIt,t,t0,ut
0,0.15037037037037038,male,5.8,True,cffb0219-e63f-40ff-8b67-3609e711ca1c,0.016584024136466903,0.0003845807914310778,74,0.0,27.027027027027028
1,0.15037037037037038,male,4.9,True,cffb0219-e63f-40ff-8b67-3609e711ca1c,0.08489209127348939,0.0006244656512293961,246,0.0,17.441860465116278
2,0.15037037037037038,male,5.7,True,cffb0219-e63f-40ff-8b67-3609e711ca1c,0.12751031154443745,0.000742926841906615,372,0.0,0.0
3,0.15037037037037038,male,5.9,True,cffb0219-e63f-40ff-8b67-3609e711ca1c,0.14254265831767365,0.0009638553493270503,568,0.0,0.0
4,0.15037037037037038,male,5.9,True,cffb0219-e63f-40ff-8b67-3609e711ca1c,0.14829151491011155,0.0009800852825062178,752,0.0,0.0
5,0.15037037037037038,male,6.5,True,cffb0219-e63f-40ff-8b67-3609e711ca1c,0.14987222333849945,0.0006964539986505671,994,0.0,0.0
