,GF,Gender,Gt,Operative,Patient,Pt,SIt,t,t0,ut
0,0.563888888888889,male,5.8,True,274241f3-04a1-44d3-af8b-358a8397f1c3,0.046429567324031654,0.00039030422762679324,93,0.0,0.0
1,0.563888888888889,male,5.1,True,274241f3-04a1-44d3-af8b-358a8397f1c3,0.23489430960260724,0.0005336220502145727,275,0.0,32.967032967032964
2,0.563888888888889,male,6.4,True,274241f3-04a1-44d3-af8b-358a8397f1c3,0.46002105836493534,0.0007701025935390698,528,0.0,11.857707509881424
