,GF,Gender,Gt,Operative,Patient,Pt,SIt,t,t0,ut
0,0.563888888888889,male,13.2,True,5d8bdfba-4d17-4f5b-97b1-6541b7c13c68,0.11234729350107409,5.908693210177867e-06,100,0.0,100.0
1,0.563888888888889,male,12.0,True,5d8bdfba-4d17-4f5b-97b1-6541b7c13c68,0.212188225647979,4.408224149241005e-05,148,0.0,125.0
2,0.563888888888889,male,11.2,True,5d8bdfba-4d17-4f5b-97b1-6541b7c13c68,0.2822076538683,5.64282356487097e-05,202,0.0,111.11111111111111
3,0.563888888888889,male,8.4,True,5d8bdfba-4d17-4f5b-97b1-6541b7c13c68,0.2918476779079912,0.00014594745252910688,274,0.0,83.33333333333333
