,GF,Gender,Gt,Operative,Patient,Pt,SIt,t,t0,ut
0,0.563888888888889,male,6.5,True,61fef358-aae6-4321-b9a5-c361f31a724f,0.0,0.00016776336889846256,184,0.0,42.25352112676056
1,0.563888888888889,male,7.0,True,61fef358-aae6-4321-b9a5-c361f31a724f,0.0,9.433036488760562e-05,299,0.0,43.47826086956522
2,0.563888888888889,male,5.2,True,61fef358-aae6-4321-b9a5-c361f31a724f,0.0,0.0002458101627976757,409,0.0,63.63636363636363
3,0.563888888888889,male,5.2,True,61fef358-aae6-4321-b9a5-c361f31a724f,0.0,0.0002381971468175949,478,0.0,0.0
4,0.563888888888889,male,7.0,True,61fef358-aae6-4321-b9a5-c361f31a724f,0.0,5.489140010156899e-05,580,0.0,29.41176470588235
5,0.563888888888889,male,7.1,True,61fef358-aae6-4321-b9a5-c361f31a724f,0.0,0.00010033772395176143,708,0.0,46.875
