,GF,Gender,Gt,Operative,Patient,Pt,SIt,t,t0,ut
0,0.5262962962962964,female,8.4,True,55be4e01-f906-4ba9-8694-350b7e7f0c3f,0.0,8.790000853660362e-05,87,0.0,34.48275862068966
1,0.5262962962962964,female,7.3,True,55be4e01-f906-4ba9-8694-350b7e7f0c3f,0.0,0.00010248818644577115,198,0.0,90.09009009009009
2,0.5262962962962964,female,7.4,True,55be4e01-f906-4ba9-8694-350b7e7f0c3f,0.0,9.157372874011777e-05,363,0.0,24.242424242424242
3,0.5262962962962964,female,7.7,True,55be4e01-f906-4ba9-8694-350b7e7f0c3f,0.0,6.334941465400481e-05,502,0.0,57.55395683453237
4,0.5262962962962964,female,5.7,True,55be4e01-f906-4ba9-8694-350b7e7f0c3f,0.0,0.00022135401611076165,621,0.0,42.016806722689076
