,GF,Gender,Gt,Operative,Patient,Pt,SIt,t,t0,ut
0,0.3383333333333333,female,14.4,True,bc273ebb-c304-4d3b-9dca-da71eb859757,0.03703703703703705,-2.055428055304163e-05,124,0.0,90.9090909090909
1,0.3383333333333333,female,13.9,True,bc273ebb-c304-4d3b-9dca-da71eb859757,0.03703703703703705,-1.908723808638572e-05,247,0.0,97.5609756097561
2,0.3383333333333333,female,13.3,True,bc273ebb-c304-4d3b-9dca-da71eb859757,0.03703703703703705,-1.2808436148597383e-05,371,0.0,96.7741935483871
3,0.3383333333333333,female,11.9,True,bc273ebb-c304-4d3b-9dca-da71eb859757,0.03703703703703704,8.665536654690502e-06,501,0.0,62.82051282051284
4,0.3383333333333333,female,7.2,True,bc273ebb-c304-4d3b-9dca-da71eb859757,0.03703703703703704,0.00015908715284547405,605,0.0,74.3589743589744
