,GF,Gender,Gt,Operative,Patient,Pt,SIt,t,t0,ut
0,0.563888888888889,male,11.9,True,56f8c453-dacf-456d-aa01-125a0a70fd20,0.04023808326967776,3.946050046852913e-06,101,0.0,101.69491525423729
1,0.563888888888889,male,10.9,True,56f8c453-dacf-456d-aa01-125a0a70fd20,0.08481831983435706,3.432917785984737e-05,172,0.0,84.50704225352112
2,0.563888888888889,male,9.2,True,56f8c453-dacf-456d-aa01-125a0a70fd20,0.11602424630137705,9.037556955568011e-05,228,0.0,107.14285714285714
3,0.563888888888889,male,8.0,True,56f8c453-dacf-456d-aa01-125a0a70fd20,0.13702808798513152,0.00010170581275152224,307,0.0,75.9493670886076
4,0.563888888888889,male,8.7,True,56f8c453-dacf-456d-aa01-125a0a70fd20,0.15442273797263992,5.7321105808517454e-05,341,0.0,102.94117647058823
5,0.563888888888889,male,2.2,True,56f8c453-dacf-456d-aa01-125a0a70fd20,0.20084887792122955,0.0007210949023005052,417,0.0,0.0
6,0.563888888888889,male,4.4,True,56f8c453-dacf-456d-aa01-125a0a70fd20,0.2486063868140723,0.00046504489945247833,462,0.0,0.0
7,0.563888888888889,male,5.5,True,56f8c453-dacf-456d-aa01-125a0a70fd20,0.7271810363221529,0.0005736831351255099,522,0.0,0.0
8,0.563888888888889,male,10.2,True,56f8c453-dacf-456d-aa01-125a0a70fd20,0.20673241789165853,-8.29014480980592e-05,650,0.0,0.0
