,GF,Gender,Gt,Operative,Patient,Pt,SIt,t,t0,ut
0,0.43607407407407406,female,10.4,True,67639086-5a9d-415a-863e-978a5cdb2ede,0.0,4.288991671575463e-05,94,0.0,42.5531914893617
1,0.43607407407407406,female,7.7,True,67639086-5a9d-415a-863e-978a5cdb2ede,0.0,0.00016139123970465908,152,0.0,103.44827586206897
2,0.43607407407407406,female,7.9,True,67639086-5a9d-415a-863e-978a5cdb2ede,0.0,5.4224145524083196e-05,247,0.0,42.10526315789474
3,0.43607407407407406,female,8.2,True,67639086-5a9d-415a-863e-978a5cdb2ede,0.0,5.034087845717805e-05,357,0.0,36.36363636363637
4,0.43607407407407406,female,6.3,True,67639086-5a9d-415a-863e-978a5cdb2ede,0.0,0.0001832205617266751,490,0.0,37.59398496240601
5,0.43607407407407406,female,5.4,True,67639086-5a9d-415a-863e-978a5cdb2ede,0.0,0.00024934331129391584,590,0.0,40.0
