,GF,Gender,Gt,Operative,Patient,Pt,SIt,t,t0,ut
0,0.7388888888888887,female,9.5,True,4774d978-98f7-4fcd-8e5f-214049d162c6,0.29410098698216713,6.668070244386946e-05,164,0.0,0.0
1,0.7388888888888887,female,8.9,True,4774d978-98f7-4fcd-8e5f-214049d162c6,0.489504440420142,0.0002158058051143984,216,0.0,38.46153846153846
2,0.7388888888888887,female,7.8,True,4774d978-98f7-4fcd-8e5f-214049d162c6,0.5997843848922028,0.00024873105508405383,340,0.0,64.51612903225806
3,0.7388888888888887,female,8.6,True,4774d978-98f7-4fcd-8e5f-214049d162c6,0.6839845957643998,0.00017478759143961964,488,0.0,81.08108108108108
