,GF,Gender,Gt,Operative,Patient,Pt,SIt,t,t0,ut
0,0.5488518518518518,female,9.0,True,9546dd06-14cf-41c3-ad3d-2e26eb254765,0.051658359469853705,-0.00032564997086563844,60,0.0,16.666666666666668
1,0.5488518518518518,female,8.2,True,9546dd06-14cf-41c3-ad3d-2e26eb254765,0.21624058109762148,0.0002123584517789478,121,0.0,49.18032786885246
2,0.5488518518518518,female,9.0,True,9546dd06-14cf-41c3-ad3d-2e26eb254765,0.35661783731977015,9.229991128330965e-05,181,0.0,83.33333333333333
3,0.5488518518518518,female,9.0,True,9546dd06-14cf-41c3-ad3d-2e26eb254765,0.48393251788023456,0.00015444630183121836,301,0.0,50.0
