,GF,Gender,Gt,Operative,Patient,Pt,SIt,t,t0,ut
0,0.48870370370370364,male,7.7,True,9695e98d-28af-482c-b993-03d3d0cc22e5,0.0,0.00019849633770011867,71,0.0,56.33802816901409
1,0.48870370370370364,male,6.2,True,9695e98d-28af-482c-b993-03d3d0cc22e5,0.0,0.00021099815432173345,173,0.0,39.21568627450981
2,0.48870370370370364,male,5.9,True,9695e98d-28af-482c-b993-03d3d0cc22e5,0.0,0.0002062749438424592,276,0.0,29.12621359223301
3,0.48870370370370364,male,4.6,True,9695e98d-28af-482c-b993-03d3d0cc22e5,0.0,0.0004142455740022674,403,0.0,23.62204724409449
4,0.48870370370370364,male,6.0,True,9695e98d-28af-482c-b993-03d3d0cc22e5,0.0,0.00032536488651072304,536,0.0,0.0
