,GF,Gender,Gt,Operative,Patient,Pt,SIt,t,t0,ut
0,0.6014814814814815,female,13.7,True,ef274ba0-a110-4981-b220-083b10d310c6,0.0,5.755612517434439e-06,94,0.0,130.43478260869566
