,GF,Gender,Gt,Operative,Patient,Pt,SIt,t,t0,ut
0,0.6917037037037037,male,14.7,True,21960024-9c63-44ba-b8bb-cb3a8e96bd18,0.15337652303711324,-2.197555503687609e-05,100,0.0,83.33333333333333
1,0.6917037037037037,male,14.8,True,21960024-9c63-44ba-b8bb-cb3a8e96bd18,0.2540931229325468,-8.131101399172207e-06,197,0.0,61.855670103092784
2,0.6917037037037037,male,14.8,True,21960024-9c63-44ba-b8bb-cb3a8e96bd18,0.2593829334473401,-7.191049910465821e-06,279,0.0,73.17073170731707
3,0.6917037037037037,male,15.3,True,21960024-9c63-44ba-b8bb-cb3a8e96bd18,0.2445780722966631,-2.1707979323895498e-05,323,0.0,136.36363636363637
4,0.6917037037037037,male,15.5,True,21960024-9c63-44ba-b8bb-cb3a8e96bd18,0.2341322609972516,-1.7589513428296383e-05,389,0.0,90.9090909090909
