,GF,Gender,Gt,Operative,Patient,Pt,SIt,t,t0,ut
0,0.39848148148148144,female,9.6,True,651b4f65-2ae0-4b5a-a0d1-93f2bc1aa81e,0.0,0.00021354911861299535,64,0.0,95.83333333333331
1,0.39848148148148144,female,5.1,True,651b4f65-2ae0-4b5a-a0d1-93f2bc1aa81e,0.0,0.0002957566261726713,128,0.0,93.75
2,0.39848148148148144,female,8.6,True,651b4f65-2ae0-4b5a-a0d1-93f2bc1aa81e,0.0,-0.00012449668225758396,193,0.0,0.0
3,0.39848148148148144,female,7.0,True,651b4f65-2ae0-4b5a-a0d1-93f2bc1aa81e,0.0,0.00015023889779157873,287,0.0,42.5531914893617
4,0.39848148148148144,female,6.5,True,651b4f65-2ae0-4b5a-a0d1-93f2bc1aa81e,0.0,0.00014524299963157618,409,0.0,32.78688524590164
5,0.39848148148148144,female,8.0,True,651b4f65-2ae0-4b5a-a0d1-93f2bc1aa81e,0.0,2.992373124223601e-05,534,0.0,40.0
