,GF,Gender,Gt,Operative,Patient,Pt,SIt,t,t0,ut
0,1.5944444444444443,male,12.0,True,efebe67a-24d5-45a3-bce1-6896c72b6137,0.12415554775970174,-1.2886316083771251e-05,65,0.0,61.53846153846154
