,GF,Gender,Gt,Operative,Patient,Pt,SIt,t,t0,ut
0,0.5037407407407407,male,8.4,True,c5bf9a18-364e-408d-b0bd-6758128c5281,0.08126863459808276,0.00016254081214870657,82,0.0,111.11111111111111
1,0.5037407407407407,male,6.3,True,c5bf9a18-364e-408d-b0bd-6758128c5281,0.29724946297984356,0.000256003498414499,306,0.0,60.267857142857146
2,0.5037407407407407,male,7.7,True,c5bf9a18-364e-408d-b0bd-6758128c5281,0.4454224694151637,0.00016992425358065277,435,0.0,69.76744186046511
3,0.5037407407407407,male,5.7,True,c5bf9a18-364e-408d-b0bd-6758128c5281,0.45939209245707396,0.0003216865361107415,507,0.0,69.44444444444444
4,0.5037407407407407,male,7.0,True,c5bf9a18-364e-408d-b0bd-6758128c5281,0.4598303485468312,0.0003254532106806043,734,0.0,19.823788546255507
5,0.5037407407407407,male,5.9,True,c5bf9a18-364e-408d-b0bd-6758128c5281,0.49276754642906323,0.0003882882464408868,927,0.0,46.63212435233161
6,0.5037407407407407,male,6.3,True,c5bf9a18-364e-408d-b0bd-6758128c5281,0.5007561246471299,0.00038177734293175144,1107,0.0,33.333333333333336
7,0.5037407407407407,male,5.6,True,c5bf9a18-364e-408d-b0bd-6758128c5281,0.5030060580591229,0.0005594708372144234,1345,0.0,31.51260504201681
8,0.5037407407407407,male,7.2,True,c5bf9a18-364e-408d-b0bd-6758128c5281,0.5036006761223205,0.0005256072474908923,1586,0.0,12.448132780082988
