,GF,Gender,Gt,Operative,Patient,Pt,SIt,t,t0,ut
0,0.624037037037037,male,6.6,True,1eae7eb7-704c-4d8d-8427-9f572a8ead60,0.0,0.0002974666792211738,82,0.0,48.78048780487805
1,0.624037037037037,male,4.2,True,1eae7eb7-704c-4d8d-8427-9f572a8ead60,0.0,0.0005430512229117955,212,0.0,15.384615384615385
