,GF,Gender,Gt,Operative,Patient,Pt,SIt,t,t0,ut
0,0.007518518518518518,female,10.7,True,ced600a8-99b7-4c60-8b3f-040cc6083914,0.0,2.6108242423684193e-05,85,0.0,200.0
1,0.007518518518518518,female,8.3,True,ced600a8-99b7-4c60-8b3f-040cc6083914,0.0,0.0001024947676282289,155,0.0,85.71428571428571
2,0.007518518518518518,female,10.5,True,ced600a8-99b7-4c60-8b3f-040cc6083914,0.0,-4.406452175696046e-05,262,0.0,0.0
3,0.007518518518518518,female,10.4,True,ced600a8-99b7-4c60-8b3f-040cc6083914,0.0,7.389540040002717e-07,312,0.0,40.0
4,0.007518518518518518,female,9.8,True,ced600a8-99b7-4c60-8b3f-040cc6083914,0.0,3.2450932876189785e-05,396,0.0,47.61904761904762
5,0.007518518518518518,female,8.3,True,ced600a8-99b7-4c60-8b3f-040cc6083914,0.0,8.436446858034837e-05,513,0.0,42.73504273504273
6,0.007518518518518518,female,7.2,True,ced600a8-99b7-4c60-8b3f-040cc6083914,0.0,0.00010939756615832653,620,0.0,65.42056074766356
7,0.007518518518518518,female,7.9,True,ced600a8-99b7-4c60-8b3f-040cc6083914,0.0,8.07502869539111e-05,888,0.0,22.388059701492537
8,0.007518518518518518,female,6.8,True,ced600a8-99b7-4c60-8b3f-040cc6083914,0.0,0.00013388860693239725,997,0.0,73.39449541284404
