,GF,Gender,Gt,Operative,Patient,Pt,SIt,t,t0,ut
0,0.4511111111111112,male,6.9,True,413a1546-4377-4a2a-9284-43ca9c5d02ad,0.0,0.00025212765131533624,109,0.0,27.522935779816514
