,GF,Gender,Gt,Operative,Patient,Pt,SIt,t,t0,ut
0,0.5488518518518518,female,8.1,True,a64290ff-14fe-4b70-9c50-145829ed3bbe,0.04861963244223817,0.00012604792940543397,60,0.0,50.0
1,0.5488518518518518,female,7.6,True,a64290ff-14fe-4b70-9c50-145829ed3bbe,0.20230308116490395,0.00015722675522868282,120,0.0,83.33333333333333
2,0.5488518518518518,female,6.9,True,a64290ff-14fe-4b70-9c50-145829ed3bbe,0.3388836750961517,0.0002216536160960459,186,0.0,60.60606060606061
3,0.5488518518518518,female,4.0,True,a64290ff-14fe-4b70-9c50-145829ed3bbe,0.458300633791423,0.0006591748890567712,301,0.0,34.78260869565217
