,GF,Gender,Gt,Operative,Patient,Pt,SIt,t,t0,ut
0,0.7388888888888887,female,15.8,True,a65c3e05-1e62-4000-8d70-060dbf3987e2,0.23920344330401255,2.580567325520564e-05,132,0.0,78.94736842105263
1,0.7388888888888887,female,15.0,True,a65c3e05-1e62-4000-8d70-060dbf3987e2,0.38193602630604734,3.2789580784221206e-05,171,0.0,153.84615384615384
2,0.7388888888888887,female,12.8,True,a65c3e05-1e62-4000-8d70-060dbf3987e2,0.4638116003214457,7.766203219334344e-05,226,0.0,109.0909090909091
3,0.7388888888888887,female,10.9,True,a65c3e05-1e62-4000-8d70-060dbf3987e2,0.537564506308287,0.00010855353758897422,292,0.0,90.9090909090909
4,0.7388888888888887,female,7.8,True,a65c3e05-1e62-4000-8d70-060dbf3987e2,0.5917613445622742,0.00021984106285892577,364,0.0,83.33333333333333
5,0.7388888888888887,female,6.1,True,a65c3e05-1e62-4000-8d70-060dbf3987e2,0.6224978695047533,0.00030301766677291736,413,0.0,122.44897959183673
6,0.7388888888888887,female,6.7,True,a65c3e05-1e62-4000-8d70-060dbf3987e2,0.6486116385037851,0.0002625922772494578,545,0.0,39.3939393939394
7,0.7388888888888887,female,5.8,True,a65c3e05-1e62-4000-8d70-060dbf3987e2,0.6690192720044394,0.0003947104400709291,713,0.0,58.33333333333332
8,0.7388888888888887,female,5.2,True,a65c3e05-1e62-4000-8d70-060dbf3987e2,0.6766091949785272,0.0004957506499652547,849,0.0,53.4313725490196
