,GF,Gender,Gt,Operative,Patient,Pt,SIt,t,t0,ut
0,0.7875000000000001,male,8.8,True,169e96bf-3e9e-4de8-ad31-5b8236a31e28,0.12078817903189337,2.0852755571580877e-05,94,0.0,21.27659574468085
1,0.7875000000000001,male,5.2,True,169e96bf-3e9e-4de8-ad31-5b8236a31e28,0.49697754624733215,0.0004639408142863816,277,0.0,65.57377049180327
