,GF,Gender,Gt,Operative,Patient,Pt,SIt,t,t0,ut
0,0.6416666666666667,male,8.0,True,e03392da-5e82-488e-a140-275118476c2b,0.31188731536527536,0.00020049920011323605,221,0.0,43.604651162790695
1,0.6416666666666667,male,6.8,True,e03392da-5e82-488e-a140-275118476c2b,0.54229127102836,0.000263629125664024,401,0.0,75.0
2,0.6416666666666667,male,8.1,True,e03392da-5e82-488e-a140-275118476c2b,0.6149280183452854,0.00019408968618801013,605,0.0,58.8235294117647
3,0.6416666666666667,male,8.0,True,e03392da-5e82-488e-a140-275118476c2b,0.6310926098236304,0.00019838530599028406,646,0.0,146.34146341463415
4,0.6416666666666667,male,6.3,True,e03392da-5e82-488e-a140-275118476c2b,0.6354221163367638,0.0003221663063950202,764,0.0,50.847457627118644
5,0.6416666666666667,male,5.9,True,e03392da-5e82-488e-a140-275118476c2b,0.6392829417612396,0.00037887923995088283,932,0.0,53.57142857142857
