,GF,Gender,Gt,Operative,Patient,Pt,SIt,t,t0,ut
0,0.5262962962962964,male,9.4,True,c545558f-19ed-490e-a56c-36d9ddf03fee,0.17046805344132582,9.945292846826489e-05,115,0.0,107.14285714285714
1,0.5262962962962964,male,6.4,True,c545558f-19ed-490e-a56c-36d9ddf03fee,0.34900587002322314,0.0002277671933179382,279,0.0,109.7560975609756
2,0.5262962962962964,male,5.5,True,c545558f-19ed-490e-a56c-36d9ddf03fee,0.47131024955741724,0.00034261442258307084,456,0.0,42.3728813559322
3,0.5262962962962964,male,11.5,True,c545558f-19ed-490e-a56c-36d9ddf03fee,0.5121972764714103,4.3908001504122226e-05,683,0.0,26.431718061674008
4,0.5262962962962964,male,12.2,True,c545558f-19ed-490e-a56c-36d9ddf03fee,0.5221490103308761,6.515785080433164e-05,786,0.0,38.83495145631068
5,0.5262962962962964,male,10.7,True,c545558f-19ed-490e-a56c-36d9ddf03fee,0.5242838326351029,0.00012313746188427052,892,0.0,56.60377358490566
6,0.5262962962962964,male,9.9,True,c545558f-19ed-490e-a56c-36d9ddf03fee,0.5251955614286905,0.00012729330488421843,956,0.0,93.75
7,0.5262962962962964,male,8.8,True,c545558f-19ed-490e-a56c-36d9ddf03fee,0.5257060495786992,0.00014149590544927036,1078,0.0,98.36065573770492
8,0.5262962962962964,male,7.9,True,c545558f-19ed-490e-a56c-36d9ddf03fee,0.5260738818354462,0.00015787947025328427,1245,0.0,124.45109780439128
