,GF,Gender,Gt,Operative,Patient,Pt,SIt,t,t0,ut
0,0.4511111111111112,male,11.0,True,043d4b36-dad7-4222-be50-6ac973dc28f6,0.0,1.7331433758899943e-05,92,0.0,43.47826086956522
1,0.4511111111111112,male,10.0,True,043d4b36-dad7-4222-be50-6ac973dc28f6,0.0,4.9652399248015675e-05,141,0.0,122.44897959183673
2,0.4511111111111112,male,9.5,True,043d4b36-dad7-4222-be50-6ac973dc28f6,0.0,3.463183533693241e-05,258,0.0,17.094017094017094
3,0.4511111111111112,male,8.4,True,043d4b36-dad7-4222-be50-6ac973dc28f6,0.0,7.439281688490673e-05,391,0.0,37.59398496240601
4,0.4511111111111112,male,7.2,True,043d4b36-dad7-4222-be50-6ac973dc28f6,0.0,0.00011357821511432426,503,0.0,62.5
