,GF,Gender,Gt,Operative,Patient,Pt,SIt,t,t0,ut
0,0.5488518518518518,female,5.2,True,b83c7e36-ffed-4343-85bd-33571d66165e,0.04279956142690277,0.0007468554637984161,62,0.0,16.129032258064516
