,GF,Gender,Gt,Operative,Patient,Pt,SIt,t,t0,ut
0,0.42103703703703704,female,13.3,True,ff6ec844-9dbe-4a9d-83c1-73e5152a70aa,0.052766365190913135,-2.6314766828609054e-05,81,0.0,61.72839506172839
1,0.42103703703703704,female,10.7,True,ff6ec844-9dbe-4a9d-83c1-73e5152a70aa,0.1757821616821207,9.929535210619318e-05,139,0.0,103.44827586206897
2,0.42103703703703704,female,9.6,True,ff6ec844-9dbe-4a9d-83c1-73e5152a70aa,0.2527900539961067,0.00010082763413905892,192,0.0,113.20754716981132
3,0.42103703703703704,female,7.6,True,ff6ec844-9dbe-4a9d-83c1-73e5152a70aa,0.3406607064891281,0.0001499390109232316,369,0.0,101.69491525423729
4,0.42103703703703704,female,7.6,True,ff6ec844-9dbe-4a9d-83c1-73e5152a70aa,0.2860491753735534,0.00014160270248806967,611,0.0,35.261707988980724
5,0.42103703703703704,female,4.9,True,ff6ec844-9dbe-4a9d-83c1-73e5152a70aa,0.18097037469668256,0.00033449888233859555,803,0.0,55.72916666666665
6,0.42103703703703704,female,6.4,True,ff6ec844-9dbe-4a9d-83c1-73e5152a70aa,0.15801452878564548,0.00040222689179671085,1016,0.0,0.0
7,0.42103703703703704,female,6.7,True,ff6ec844-9dbe-4a9d-83c1-73e5152a70aa,0.15226390749551988,0.00025781295220222696,1199,0.0,24.59016393442623
