,GF,Gender,Gt,Operative,Patient,Pt,SIt,t,t0,ut
0,0.49622222222222234,male,8.0,True,7cfd0d87-de6d-4ebc-ba5d-c2f3bc4aaf7f,0.0,9.581669465781963e-05,158,0.0,64.81481481481481
1,0.49622222222222234,male,6.9,True,7cfd0d87-de6d-4ebc-ba5d-c2f3bc4aaf7f,0.0,0.00012243734517154804,287,0.0,38.75968992248062
2,0.49622222222222234,male,6.2,True,7cfd0d87-de6d-4ebc-ba5d-c2f3bc4aaf7f,0.0,0.00016863601942240564,434,0.0,34.01360544217687
3,0.49622222222222234,male,5.6,True,7cfd0d87-de6d-4ebc-ba5d-c2f3bc4aaf7f,0.0,0.0002163357981809916,566,0.0,37.878787878787875
