,GF,Gender,Gt,Operative,Patient,Pt,SIt,t,t0,ut
0,0.49622222222222234,female,6.9,True,f7a3df3d-aa65-4934-a22b-f35c19670098,0.3703703703703704,0.0004984662175531048,115,0.0,17.391304347826086
