,GF,Gender,Gt,Operative,Patient,Pt,SIt,t,t0,ut
0,0.5488518518518518,female,7.3,True,28fec6b7-54bc-42f8-8ccd-4f89790d9c19,0.07233650224330117,0.0002568355552484295,84,0.0,35.714285714285715
1,0.5488518518518518,female,6.4,True,28fec6b7-54bc-42f8-8ccd-4f89790d9c19,0.32730421164639306,0.0003248103608798557,259,0.0,42.857142857142854
2,0.5488518518518518,female,6.1,True,28fec6b7-54bc-42f8-8ccd-4f89790d9c19,0.4797601465327846,0.0003727093464742611,419,0.0,46.875
