,GF,Gender,Gt,Operative,Patient,Pt,SIt,t,t0,ut
0,0.4285555555555556,female,12.2,True,94dfeeb1-86f4-4622-b8bd-88b9401f5e4f,0.04437748814026517,6.885901909873403e-06,113,0.0,92.3076923076923
1,0.4285555555555556,female,11.1,True,94dfeeb1-86f4-4622-b8bd-88b9401f5e4f,0.08129124835930342,3.419294278363496e-05,178,0.0,92.3076923076923
2,0.4285555555555556,female,9.5,True,94dfeeb1-86f4-4622-b8bd-88b9401f5e4f,0.10399354850306539,8.063811681245967e-05,228,0.0,120.0
3,0.4285555555555556,female,6.5,True,94dfeeb1-86f4-4622-b8bd-88b9401f5e4f,0.12872648400077258,0.00019866283391626368,417,0.0,23.80952380952381
4,0.4285555555555556,female,4.6,True,94dfeeb1-86f4-4622-b8bd-88b9401f5e4f,0.24109017959079446,0.000494084073313121,641,0.0,40.17857142857143
5,0.4285555555555556,female,5.0,True,94dfeeb1-86f4-4622-b8bd-88b9401f5e4f,0.3475663360041048,0.0008867115004042157,770,0.0,0.0
6,0.4285555555555556,female,6.7,True,94dfeeb1-86f4-4622-b8bd-88b9401f5e4f,0.37570622346461113,0.0009014986441877161,952,0.0,0.0
