,GF,Gender,Gt,Operative,Patient,Pt,SIt,t,t0,ut
0,0.49622222222222234,female,7.5,True,ccc45602-e4b3-46a4-8b63-637b91ca63f1,0.1786844836101535,0.00019876163323241745,207,0.0,40.26845637583892
1,0.49622222222222234,female,7.0,True,ccc45602-e4b3-46a4-8b63-637b91ca63f1,0.2739102183612646,0.00018695605274434614,311,0.0,38.46153846153846
2,0.49622222222222234,female,9.5,True,ccc45602-e4b3-46a4-8b63-637b91ca63f1,0.1393479277948266,-2.0792510398074e-06,437,0.0,0.0
