,GF,Gender,Gt,Operative,Patient,Pt,SIt,t,t0,ut
0,0.4511111111111112,female,11.2,True,2e294310-171d-44af-9494-bd668761f683,0.0,-2.6075372191628534e-05,108,0.0,37.03703703703704
1,0.4511111111111112,female,11.1,True,2e294310-171d-44af-9494-bd668761f683,0.0,-3.850650203112229e-06,256,0.0,40.54054054054054
