,GF,Gender,Gt,Operative,Patient,Pt,SIt,t,t0,ut
0,0.4511111111111112,female,14.7,True,b3816cb0-2ed0-4d8f-bc20-5ddd55251c96,0.0,3.681928945561546e-06,76,0.0,78.94736842105263
1,0.4511111111111112,female,11.9,True,b3816cb0-2ed0-4d8f-bc20-5ddd55251c96,0.0,4.1811878260569356e-05,151,0.0,80.0
2,0.4511111111111112,female,9.8,True,b3816cb0-2ed0-4d8f-bc20-5ddd55251c96,0.0,6.267246544432842e-05,221,0.0,85.71428571428571
3,0.4511111111111112,female,8.4,True,b3816cb0-2ed0-4d8f-bc20-5ddd55251c96,0.0,8.144057237096075e-05,279,0.0,103.44827586206897
4,0.4511111111111112,female,18.3,True,b3816cb0-2ed0-4d8f-bc20-5ddd55251c96,0.0,-0.000291395144735733,332,0.0,113.20754716981132
5,0.4511111111111112,female,10.5,True,b3816cb0-2ed0-4d8f-bc20-5ddd55251c96,0.0,9.025763760186479e-05,465,0.0,45.11278195488722
