,GF,Gender,Gt,Operative,Patient,Pt,SIt,t,t0,ut
0,0.5037407407407407,male,11.8,True,ef24b786-b048-495b-bd45-f0322a96506e,0.0,-4.627882495447332e-05,77,0.0,51.94805194805195
1,0.5037407407407407,male,9.5,True,ef24b786-b048-495b-bd45-f0322a96506e,0.0,8.900840539294221e-05,125,0.0,125.0
2,0.5037407407407407,male,9.4,True,ef24b786-b048-495b-bd45-f0322a96506e,0.0,2.579720156066607e-05,260,0.0,37.03703703703704
