,GF,Gender,Gt,Operative,Patient,Pt,SIt,t,t0,ut
0,0.5112592592592593,male,4.6,True,2524d712-0b92-45cd-b610-3c88d288a2d1,0.04742373815838715,0.0007655698463851698,96,0.0,20.833333333333332
