,GF,Gender,Gt,Operative,Patient,Pt,SIt,t,t0,ut
0,0.624037037037037,male,10.7,True,388d0b06-5c4e-4cd0-aaf6-f7f2ce2076a4,0.06749016488463754,3.7536980256293476e-05,73,0.0,54.794520547945204
