,GF,Gender,Gt,Operative,Patient,Pt,SIt,t,t0,ut
0,0.5563703703703704,male,10.5,True,9d87a741-e986-4b85-900c-97ba8fcaa7a1,0.0,3.143791368402266e-05,130,0.0,30.76923076923077
1,0.5563703703703704,male,11.2,True,9d87a741-e986-4b85-900c-97ba8fcaa7a1,0.0,-2.490368350197822e-05,204,0.0,81.08108108108108
2,0.5563703703703704,male,9.4,True,9d87a741-e986-4b85-900c-97ba8fcaa7a1,0.0,5.6279976096595526e-05,314,0.0,54.54545454545455
