,GF,Gender,Gt,Operative,Patient,Pt,SIt,t,t0,ut
0,0.6416666666666667,male,6.6,True,98ea837e-0b81-496e-9714-f554ef9ed51e,0.061226717496636864,0.0002747677460458865,67,0.0,29.850746268656717
1,0.6416666666666667,male,6.2,True,98ea837e-0b81-496e-9714-f554ef9ed51e,0.23579936177997357,0.0003308796901559718,128,0.0,49.18032786885246
2,0.6416666666666667,male,5.6,True,98ea837e-0b81-496e-9714-f554ef9ed51e,0.4621506162166331,0.0006433502864237839,327,0.0,22.613065326633166
3,0.6416666666666667,male,9.0,True,98ea837e-0b81-496e-9714-f554ef9ed51e,0.5960373883569455,0.0002739117895821411,523,0.0,15.306122448979592
