,GF,Gender,Gt,Operative,Patient,Pt,SIt,t,t0,ut
0,0.4511111111111112,female,9.3,True,e3503a31-cf14-4aba-a0f8-267368e89cda,0.04020525897963653,0.00013810504706054821,64,0.0,62.5
