,GF,Gender,Gt,Operative,Patient,Pt,SIt,t,t0,ut
0,1.788888888888889,male,12.7,True,7af55eee-679b-4c6a-ac71-46a08f8b448f,0.6819090435203403,0.00011948536885535201,229,0.0,16.853932584269664
1,1.788888888888889,male,13.1,True,7af55eee-679b-4c6a-ac71-46a08f8b448f,1.0671026939841621,0.00014829708968889236,280,0.0,58.8235294117647
2,1.788888888888889,male,8.8,True,7af55eee-679b-4c6a-ac71-46a08f8b448f,1.1662693544486105,0.0003661749934472109,349,0.0,72.46376811594203
3,1.788888888888889,male,7.6,True,7af55eee-679b-4c6a-ac71-46a08f8b448f,1.1892878892530845,0.00035954943713970917,422,0.0,82.1917808219178
4,1.788888888888889,male,8.9,True,7af55eee-679b-4c6a-ac71-46a08f8b448f,1.026926568903136,0.0002242352650747745,612,0.0,63.1578947368421
