,GF,Gender,Gt,Operative,Patient,Pt,SIt,t,t0,ut
0,0.7291666666666667,male,6.5,True,3299b5f5-0a1f-4989-825f-584c8727bc26,0.06195253037215961,0.00031994802876433555,62,0.0,16.129032258064516
1,0.7291666666666667,male,8.6,True,3299b5f5-0a1f-4989-825f-584c8727bc26,0.4694146972679592,0.0005538896089494033,343,0.0,0.0
2,0.7291666666666667,male,7.7,True,3299b5f5-0a1f-4989-825f-584c8727bc26,0.6816078459478742,0.0004257264985783756,530,0.0,24.06417112299465
3,0.7291666666666667,male,5.9,True,3299b5f5-0a1f-4989-825f-584c8727bc26,0.7160482861565277,0.000518374143873621,714,0.0,40.76086956521739
4,0.7291666666666667,male,7.0,True,3299b5f5-0a1f-4989-825f-584c8727bc26,0.7254923261338712,0.0004564743134436637,897,0.0,24.59016393442623
5,0.7291666666666667,male,6.9,True,3299b5f5-0a1f-4989-825f-584c8727bc26,0.7283088327016609,0.0005144538196847916,1151,0.0,29.52755905511811
6,0.7291666666666667,male,6.4,True,3299b5f5-0a1f-4989-825f-584c8727bc26,0.7290014742116041,0.0005626193541326041,1361,0.0,28.571428571428573
7,0.7291666666666667,male,5.8,True,3299b5f5-0a1f-4989-825f-584c8727bc26,0.7291358855623394,0.001148789990579535,1661,0.0,15.0
