,GF,Gender,Gt,Operative,Patient,Pt,SIt,t,t0,ut
0,0.6416666666666667,male,6.2,True,653a204f-022f-490c-8f5a-56b808a51e79,0.0845691275636199,0.00041933672649239356,84,0.0,24.2857142857143
