,GF,Gender,Gt,Operative,Patient,Pt,SIt,t,t0,ut
0,0.4736666666666668,male,9.2,True,ce420481-ae1a-40e6-b05c-3cb5ede99ac7,0.0,6.000331166127697e-05,71,0.0,42.25352112676056
1,0.4736666666666668,male,9.8,True,ce420481-ae1a-40e6-b05c-3cb5ede99ac7,0.0,5.9430715956839515e-06,200,0.0,62.01550387596899
2,0.4736666666666668,male,6.7,True,ce420481-ae1a-40e6-b05c-3cb5ede99ac7,0.0,0.00016937194479563764,321,0.0,49.586776859504134
3,0.4736666666666668,male,9.5,True,ce420481-ae1a-40e6-b05c-3cb5ede99ac7,0.0,-4.034953043968118e-05,447,0.0,23.80952380952381
4,0.4736666666666668,male,8.8,True,ce420481-ae1a-40e6-b05c-3cb5ede99ac7,0.0,5.28529826981722e-05,600,0.0,45.751633986928105
5,0.4736666666666668,male,8.8,True,ce420481-ae1a-40e6-b05c-3cb5ede99ac7,0.0,4.118656157831915e-05,696,0.0,52.083333333333336
6,0.4736666666666668,male,9.1,True,ce420481-ae1a-40e6-b05c-3cb5ede99ac7,0.0,2.9736802134572168e-05,836,0.0,28.571428571428573
