,GF,Gender,Gt,Operative,Patient,Pt,SIt,t,t0,ut
0,0.5488518518518518,female,8.5,True,c42d64b8-df31-426f-936a-3f8fc6d0b433,0.02290455589256126,0.00018816958644129157,63,0.0,79.36507936507937
