,GF,Gender,Gt,Operative,Patient,Pt,SIt,t,t0,ut
0,0.6319444444444444,male,9.3,True,bde502d9-c554-4398-b17c-8a4a697daf62,0.028146271187271987,0.00011817768707884106,90,0.0,44.44444444444444
1,0.6319444444444444,male,6.3,True,bde502d9-c554-4398-b17c-8a4a697daf62,0.08742564196601972,0.0002558283689550421,147,0.0,105.26315789473684
2,0.6319444444444444,male,5.6,True,bde502d9-c554-4398-b17c-8a4a697daf62,0.17703882467929488,0.00029245757684560837,270,0.0,24.390243902439025
3,0.6319444444444444,male,5.1,True,bde502d9-c554-4398-b17c-8a4a697daf62,0.2981989832228911,0.0004692772532880061,409,0.0,28.776978417266186
4,0.6319444444444444,male,4.4,True,bde502d9-c554-4398-b17c-8a4a697daf62,0.4330076800142153,0.0010699690361613758,585,0.0,17.045454545454547
