,GF,Gender,Gt,Operative,Patient,Pt,SIt,t,t0,ut
0,0.624037037037037,male,12.3,True,08a4abcd-0b10-46a4-9918-d9c66d0afc30,0.2184137305338356,3.384954432243622e-05,123,0.0,81.08108108108108
1,0.624037037037037,male,13.0,True,08a4abcd-0b10-46a4-9918-d9c66d0afc30,0.3389623178471469,8.737944581880393e-06,198,0.0,80.0
