,GF,Gender,Gt,Operative,Patient,Pt,SIt,t,t0,ut
0,0.5262962962962964,male,6.3,True,bab9f8af-63cd-4169-aca7-8c6fea16fdd0,0.1299506529556889,0.00027442955021914626,98,0.0,0.0
