,GF,Gender,Gt,Operative,Patient,Pt,SIt,t,t0,ut
0,0.5037407407407407,male,6.3,True,0bcdb6c5-8ea5-463b-a94f-26ab06928a43,0.0,0.00017074702067877202,178,0.0,66.66666666666667
