,SI,t
0,2.9050356366326563e-05,60.0
1,2.950099072294079e-05,61.0
2,2.9998215813556085e-05,62.0
3,3.054191195829154e-05,63.0
4,3.112497258126493e-05,64.0
5,3.174220444062229e-05,65.0
6,3.23893040826062e-05,66.0
7,3.3062953593228e-05,67.0
8,3.3760424062771696e-05,68.0
9,3.4479480756577275e-05,69.0
10,3.521821443248948e-05,70.0
11,3.597498695857158e-05,71.0
12,3.674837706461108e-05,72.0
