,SI,t
0,0.00040795626539130876,60.0
1,0.0004062203035564579,61.0
2,0.0004045364886730221,62.0
3,0.0004029220117758569,63.0
4,0.0004013888650570368,64.0
5,0.0003999449238542992,65.0
