,SI,t
0,0.00017900796105516152,60.0
1,0.00017907066484066473,61.0
2,0.00017939038092104007,62.0
3,0.00017995946515487183,63.0
4,0.00018073038029538778,64.0
