,SI,t
0,0.00020552233526904495,60.0
1,0.00020522808055884012,61.0
2,0.00020506047443763202,62.0
3,0.00020529754365658138,63.0
4,0.00020591799150956072,64.0
5,0.0002068428191821029,65.0
