,SI,t
0,0.0007513228504935724,60.0
1,0.0007483787926732355,61.0
