,SI,t
0,2.4308448783657587e-05,60.0
1,2.477442682172791e-05,61.0
2,2.5283655729681015e-05,62.0
3,2.5836235773824866e-05,63.0
