,SI,t
0,0.00013424663560281414,60.0
1,0.00013491992259187705,61.0
2,0.0001357947183847592,62.0
3,0.00013686816026243484,63.0
