,SI,t
0,0.0001432568103470898,60.0
1,0.00014438345655706485,61.0
2,0.00014570740136532294,62.0
3,0.0001472263258988212,63.0
4,0.0001489075907603027,64.0
5,0.00015072772837654977,65.0
6,0.00015266947402981686,66.0
7,0.00015471984143906303,67.0
8,0.0001568686146218759,68.0
9,0.00015910836356778266,69.0
10,0.00016143304073041082,70.0
11,0.00016383787842930402,71.0
12,0.00016631911153176053,72.0
