,SI,t
0,0.00012429360703104025,60.0
1,0.0001249198153795779,61.0
2,0.00012573798370657256,62.0
3,0.00012674187449345702,63.0
4,0.00012789578081851005,64.0
5,0.0001291745437947467,65.0
6,0.00013055966719371505,66.0
7,0.00013203724554559728,67.0
8,0.00013359659413158715,68.0
