,SI,t
0,1.2761964074026752e-05,60.0
1,1.3195726440354124e-05,61.0
2,1.3658936281562245e-05,62.0
3,1.4151895972108821e-05,63.0
4,1.467143844303749e-05,64.0
5,1.5215053739790696e-05,65.0
6,1.5780656156012558e-05,66.0
7,1.636656976396115e-05,67.0
