,SI,t
0,0.0001846673757769336,60.0
1,0.00018552230756150708,61.0
2,0.0001866924860888796,62.0
