,SI,t
0,-1.774276572369241e-05,60.0
1,-1.6753490610384302e-05,61.0
2,-1.57774348121062e-05,62.0
3,-1.4811329585631554e-05,63.0
4,-1.384907586860788e-05,64.0
